file_name,bmp_path,postal_code,town_name_arabic,transcription_notes
ae07_001,D:\HTR\Dataset\IFN-ENIT\Bmp files\ae07_001.bmp,,, 
ae07_002,D:\HTR\Dataset\IFN-ENIT\Bmp files\ae07_002.bmp,,, 
ae07_003,D:\HTR\Dataset\IFN-ENIT\Bmp files\ae07_003.bmp,,, 
ae07_004,D:\HTR\Dataset\IFN-ENIT\Bmp files\ae07_004.bmp,,, 
ae07_005,D:\HTR\Dataset\IFN-ENIT\Bmp files\ae07_005.bmp,,, 
ae07_006,D:\HTR\Dataset\IFN-ENIT\Bmp files\ae07_006.bmp,,, 
ae07_007,D:\HTR\Dataset\IFN-ENIT\Bmp files\ae07_007.bmp,,, 
ae07_008,D:\HTR\Dataset\IFN-ENIT\Bmp files\ae07_008.bmp,,, 
ae07_009,D:\HTR\Dataset\IFN-ENIT\Bmp files\ae07_009.bmp,,, 
ae07_010,D:\HTR\Dataset\IFN-ENIT\Bmp files\ae07_010.bmp,,, 
ae07_011,D:\HTR\Dataset\IFN-ENIT\Bmp files\ae07_011.bmp,,, 
ae07_012,D:\HTR\Dataset\IFN-ENIT\Bmp files\ae07_012.bmp,,, 
ae07_013,D:\HTR\Dataset\IFN-ENIT\Bmp files\ae07_013.bmp,,, 
ae07_014,D:\HTR\Dataset\IFN-ENIT\Bmp files\ae07_014.bmp,,, 
ae07_015,D:\HTR\Dataset\IFN-ENIT\Bmp files\ae07_015.bmp,,, 
ae07_016,D:\HTR\Dataset\IFN-ENIT\Bmp files\ae07_016.bmp,,, 
ae07_017,D:\HTR\Dataset\IFN-ENIT\Bmp files\ae07_017.bmp,,, 
ae07_018,D:\HTR\Dataset\IFN-ENIT\Bmp files\ae07_018.bmp,,, 
ae07_019,D:\HTR\Dataset\IFN-ENIT\Bmp files\ae07_019.bmp,,, 
ae07_020,D:\HTR\Dataset\IFN-ENIT\Bmp files\ae07_020.bmp,,, 
ae07_021,D:\HTR\Dataset\IFN-ENIT\Bmp files\ae07_021.bmp,,, 
ae07_022,D:\HTR\Dataset\IFN-ENIT\Bmp files\ae07_022.bmp,,, 
ae07_023,D:\HTR\Dataset\IFN-ENIT\Bmp files\ae07_023.bmp,,, 
ae07_024,D:\HTR\Dataset\IFN-ENIT\Bmp files\ae07_024.bmp,,, 
ae07_025,D:\HTR\Dataset\IFN-ENIT\Bmp files\ae07_025.bmp,,, 
ae07_026,D:\HTR\Dataset\IFN-ENIT\Bmp files\ae07_026.bmp,,, 
ae07_027,D:\HTR\Dataset\IFN-ENIT\Bmp files\ae07_027.bmp,,, 
ae07_028,D:\HTR\Dataset\IFN-ENIT\Bmp files\ae07_028.bmp,,, 
ae07_029,D:\HTR\Dataset\IFN-ENIT\Bmp files\ae07_029.bmp,,, 
ae07_030,D:\HTR\Dataset\IFN-ENIT\Bmp files\ae07_030.bmp,,, 
ae07_031,D:\HTR\Dataset\IFN-ENIT\Bmp files\ae07_031.bmp,,, 
ae07_032,D:\HTR\Dataset\IFN-ENIT\Bmp files\ae07_032.bmp,,, 
ae07_033,D:\HTR\Dataset\IFN-ENIT\Bmp files\ae07_033.bmp,,, 
ae07_034,D:\HTR\Dataset\IFN-ENIT\Bmp files\ae07_034.bmp,,, 
ae07_035,D:\HTR\Dataset\IFN-ENIT\Bmp files\ae07_035.bmp,,, 
ae07_036,D:\HTR\Dataset\IFN-ENIT\Bmp files\ae07_036.bmp,,, 
ae07_037,D:\HTR\Dataset\IFN-ENIT\Bmp files\ae07_037.bmp,,, 
ae07_038,D:\HTR\Dataset\IFN-ENIT\Bmp files\ae07_038.bmp,,, 
ae07_039,D:\HTR\Dataset\IFN-ENIT\Bmp files\ae07_039.bmp,,, 
ae07_040,D:\HTR\Dataset\IFN-ENIT\Bmp files\ae07_040.bmp,,, 
ae07_041,D:\HTR\Dataset\IFN-ENIT\Bmp files\ae07_041.bmp,,, 
ae07_042,D:\HTR\Dataset\IFN-ENIT\Bmp files\ae07_042.bmp,,, 
ae07_043,D:\HTR\Dataset\IFN-ENIT\Bmp files\ae07_043.bmp,,, 
ae07_044,D:\HTR\Dataset\IFN-ENIT\Bmp files\ae07_044.bmp,,, 
ae07_045,D:\HTR\Dataset\IFN-ENIT\Bmp files\ae07_045.bmp,,, 
ae07_046,D:\HTR\Dataset\IFN-ENIT\Bmp files\ae07_046.bmp,,, 
ae07_047,D:\HTR\Dataset\IFN-ENIT\Bmp files\ae07_047.bmp,,, 
ae07_048,D:\HTR\Dataset\IFN-ENIT\Bmp files\ae07_048.bmp,,, 
ae07_049,D:\HTR\Dataset\IFN-ENIT\Bmp files\ae07_049.bmp,,, 
ae07_050,D:\HTR\Dataset\IFN-ENIT\Bmp files\ae07_050.bmp,,, 
ae07_051,D:\HTR\Dataset\IFN-ENIT\Bmp files\ae07_051.bmp,,, 
ae07_052,D:\HTR\Dataset\IFN-ENIT\Bmp files\ae07_052.bmp,,, 
ae09_001,D:\HTR\Dataset\IFN-ENIT\Bmp files\ae09_001.bmp,,, 
ae09_002,D:\HTR\Dataset\IFN-ENIT\Bmp files\ae09_002.bmp,,, 
ae09_003,D:\HTR\Dataset\IFN-ENIT\Bmp files\ae09_003.bmp,,, 
ae09_004,D:\HTR\Dataset\IFN-ENIT\Bmp files\ae09_004.bmp,,, 
ae09_005,D:\HTR\Dataset\IFN-ENIT\Bmp files\ae09_005.bmp,,, 
ae09_006,D:\HTR\Dataset\IFN-ENIT\Bmp files\ae09_006.bmp,,, 
ae09_007,D:\HTR\Dataset\IFN-ENIT\Bmp files\ae09_007.bmp,,, 
ae09_008,D:\HTR\Dataset\IFN-ENIT\Bmp files\ae09_008.bmp,,, 
ae09_009,D:\HTR\Dataset\IFN-ENIT\Bmp files\ae09_009.bmp,,, 
ae09_010,D:\HTR\Dataset\IFN-ENIT\Bmp files\ae09_010.bmp,,, 
ae09_011,D:\HTR\Dataset\IFN-ENIT\Bmp files\ae09_011.bmp,,, 
ae09_012,D:\HTR\Dataset\IFN-ENIT\Bmp files\ae09_012.bmp,,, 
ae09_013,D:\HTR\Dataset\IFN-ENIT\Bmp files\ae09_013.bmp,,, 
ae09_014,D:\HTR\Dataset\IFN-ENIT\Bmp files\ae09_014.bmp,,, 
ae09_015,D:\HTR\Dataset\IFN-ENIT\Bmp files\ae09_015.bmp,,, 
ae09_016,D:\HTR\Dataset\IFN-ENIT\Bmp files\ae09_016.bmp,,, 
ae09_017,D:\HTR\Dataset\IFN-ENIT\Bmp files\ae09_017.bmp,,, 
ae09_018,D:\HTR\Dataset\IFN-ENIT\Bmp files\ae09_018.bmp,,, 
ae09_019,D:\HTR\Dataset\IFN-ENIT\Bmp files\ae09_019.bmp,,, 
ae09_020,D:\HTR\Dataset\IFN-ENIT\Bmp files\ae09_020.bmp,,, 
ae09_021,D:\HTR\Dataset\IFN-ENIT\Bmp files\ae09_021.bmp,,, 
ae09_022,D:\HTR\Dataset\IFN-ENIT\Bmp files\ae09_022.bmp,,, 
ae09_023,D:\HTR\Dataset\IFN-ENIT\Bmp files\ae09_023.bmp,,, 
ae09_024,D:\HTR\Dataset\IFN-ENIT\Bmp files\ae09_024.bmp,,, 
ae09_025,D:\HTR\Dataset\IFN-ENIT\Bmp files\ae09_025.bmp,,, 
ae09_026,D:\HTR\Dataset\IFN-ENIT\Bmp files\ae09_026.bmp,,, 
ae09_027,D:\HTR\Dataset\IFN-ENIT\Bmp files\ae09_027.bmp,,, 
ae09_028,D:\HTR\Dataset\IFN-ENIT\Bmp files\ae09_028.bmp,,, 
ae09_029,D:\HTR\Dataset\IFN-ENIT\Bmp files\ae09_029.bmp,,, 
ae09_030,D:\HTR\Dataset\IFN-ENIT\Bmp files\ae09_030.bmp,,, 
ae09_031,D:\HTR\Dataset\IFN-ENIT\Bmp files\ae09_031.bmp,,, 
ae09_032,D:\HTR\Dataset\IFN-ENIT\Bmp files\ae09_032.bmp,,, 
ae09_033,D:\HTR\Dataset\IFN-ENIT\Bmp files\ae09_033.bmp,,, 
ae09_034,D:\HTR\Dataset\IFN-ENIT\Bmp files\ae09_034.bmp,,, 
ae09_035,D:\HTR\Dataset\IFN-ENIT\Bmp files\ae09_035.bmp,,, 
ae09_036,D:\HTR\Dataset\IFN-ENIT\Bmp files\ae09_036.bmp,,, 
ae09_037,D:\HTR\Dataset\IFN-ENIT\Bmp files\ae09_037.bmp,,, 
ae09_038,D:\HTR\Dataset\IFN-ENIT\Bmp files\ae09_038.bmp,,, 
ae09_039,D:\HTR\Dataset\IFN-ENIT\Bmp files\ae09_039.bmp,,, 
ae09_040,D:\HTR\Dataset\IFN-ENIT\Bmp files\ae09_040.bmp,,, 
ae09_041,D:\HTR\Dataset\IFN-ENIT\Bmp files\ae09_041.bmp,,, 
ae09_042,D:\HTR\Dataset\IFN-ENIT\Bmp files\ae09_042.bmp,,, 
ae09_043,D:\HTR\Dataset\IFN-ENIT\Bmp files\ae09_043.bmp,,, 
ae09_044,D:\HTR\Dataset\IFN-ENIT\Bmp files\ae09_044.bmp,,, 
ae09_045,D:\HTR\Dataset\IFN-ENIT\Bmp files\ae09_045.bmp,,, 
ae09_046,D:\HTR\Dataset\IFN-ENIT\Bmp files\ae09_046.bmp,,, 
ae09_047,D:\HTR\Dataset\IFN-ENIT\Bmp files\ae09_047.bmp,,, 
ae09_048,D:\HTR\Dataset\IFN-ENIT\Bmp files\ae09_048.bmp,,, 
ae09_049,D:\HTR\Dataset\IFN-ENIT\Bmp files\ae09_049.bmp,,, 
ae09_050,D:\HTR\Dataset\IFN-ENIT\Bmp files\ae09_050.bmp,,, 
ae09_051,D:\HTR\Dataset\IFN-ENIT\Bmp files\ae09_051.bmp,,, 
ae09_052,D:\HTR\Dataset\IFN-ENIT\Bmp files\ae09_052.bmp,,, 
ae09_053,D:\HTR\Dataset\IFN-ENIT\Bmp files\ae09_053.bmp,,, 
ae09_054,D:\HTR\Dataset\IFN-ENIT\Bmp files\ae09_054.bmp,,, 
ae09_055,D:\HTR\Dataset\IFN-ENIT\Bmp files\ae09_055.bmp,,, 
ae09_056,D:\HTR\Dataset\IFN-ENIT\Bmp files\ae09_056.bmp,,, 
ae09_057,D:\HTR\Dataset\IFN-ENIT\Bmp files\ae09_057.bmp,,, 
ae09_058,D:\HTR\Dataset\IFN-ENIT\Bmp files\ae09_058.bmp,,, 
ae19_001,D:\HTR\Dataset\IFN-ENIT\Bmp files\ae19_001.bmp,,, 
ae19_002,D:\HTR\Dataset\IFN-ENIT\Bmp files\ae19_002.bmp,,, 
ae19_003,D:\HTR\Dataset\IFN-ENIT\Bmp files\ae19_003.bmp,,, 
ae19_004,D:\HTR\Dataset\IFN-ENIT\Bmp files\ae19_004.bmp,,, 
ae19_005,D:\HTR\Dataset\IFN-ENIT\Bmp files\ae19_005.bmp,,, 
ae19_006,D:\HTR\Dataset\IFN-ENIT\Bmp files\ae19_006.bmp,,, 
ae19_007,D:\HTR\Dataset\IFN-ENIT\Bmp files\ae19_007.bmp,,, 
ae19_008,D:\HTR\Dataset\IFN-ENIT\Bmp files\ae19_008.bmp,,, 
ae19_009,D:\HTR\Dataset\IFN-ENIT\Bmp files\ae19_009.bmp,,, 
ae19_010,D:\HTR\Dataset\IFN-ENIT\Bmp files\ae19_010.bmp,,, 
ae19_011,D:\HTR\Dataset\IFN-ENIT\Bmp files\ae19_011.bmp,,, 
ae19_012,D:\HTR\Dataset\IFN-ENIT\Bmp files\ae19_012.bmp,,, 
ae19_013,D:\HTR\Dataset\IFN-ENIT\Bmp files\ae19_013.bmp,,, 
ae19_014,D:\HTR\Dataset\IFN-ENIT\Bmp files\ae19_014.bmp,,, 
ae19_015,D:\HTR\Dataset\IFN-ENIT\Bmp files\ae19_015.bmp,,, 
ae19_016,D:\HTR\Dataset\IFN-ENIT\Bmp files\ae19_016.bmp,,, 
ae19_017,D:\HTR\Dataset\IFN-ENIT\Bmp files\ae19_017.bmp,,, 
ae19_018,D:\HTR\Dataset\IFN-ENIT\Bmp files\ae19_018.bmp,,, 
ae19_019,D:\HTR\Dataset\IFN-ENIT\Bmp files\ae19_019.bmp,,, 
ae19_020,D:\HTR\Dataset\IFN-ENIT\Bmp files\ae19_020.bmp,,, 
ae19_022,D:\HTR\Dataset\IFN-ENIT\Bmp files\ae19_022.bmp,,, 
ae19_023,D:\HTR\Dataset\IFN-ENIT\Bmp files\ae19_023.bmp,,, 
ae19_024,D:\HTR\Dataset\IFN-ENIT\Bmp files\ae19_024.bmp,,, 
ae19_025,D:\HTR\Dataset\IFN-ENIT\Bmp files\ae19_025.bmp,,, 
ae19_026,D:\HTR\Dataset\IFN-ENIT\Bmp files\ae19_026.bmp,,, 
ae19_027,D:\HTR\Dataset\IFN-ENIT\Bmp files\ae19_027.bmp,,, 
ae19_028,D:\HTR\Dataset\IFN-ENIT\Bmp files\ae19_028.bmp,,, 
ae19_029,D:\HTR\Dataset\IFN-ENIT\Bmp files\ae19_029.bmp,,, 
ae19_030,D:\HTR\Dataset\IFN-ENIT\Bmp files\ae19_030.bmp,,, 
ae19_031,D:\HTR\Dataset\IFN-ENIT\Bmp files\ae19_031.bmp,,, 
ae19_032,D:\HTR\Dataset\IFN-ENIT\Bmp files\ae19_032.bmp,,, 
ae19_033,D:\HTR\Dataset\IFN-ENIT\Bmp files\ae19_033.bmp,,, 
ae19_034,D:\HTR\Dataset\IFN-ENIT\Bmp files\ae19_034.bmp,,, 
ae19_035,D:\HTR\Dataset\IFN-ENIT\Bmp files\ae19_035.bmp,,, 
ae19_036,D:\HTR\Dataset\IFN-ENIT\Bmp files\ae19_036.bmp,,, 
ae19_037,D:\HTR\Dataset\IFN-ENIT\Bmp files\ae19_037.bmp,,, 
ae19_038,D:\HTR\Dataset\IFN-ENIT\Bmp files\ae19_038.bmp,,, 
ae19_039,D:\HTR\Dataset\IFN-ENIT\Bmp files\ae19_039.bmp,,, 
ae19_040,D:\HTR\Dataset\IFN-ENIT\Bmp files\ae19_040.bmp,,, 
ae19_041,D:\HTR\Dataset\IFN-ENIT\Bmp files\ae19_041.bmp,,, 
ae19_042,D:\HTR\Dataset\IFN-ENIT\Bmp files\ae19_042.bmp,,, 
ae19_043,D:\HTR\Dataset\IFN-ENIT\Bmp files\ae19_043.bmp,,, 
ae19_044,D:\HTR\Dataset\IFN-ENIT\Bmp files\ae19_044.bmp,,, 
ae19_045,D:\HTR\Dataset\IFN-ENIT\Bmp files\ae19_045.bmp,,, 
ae19_046,D:\HTR\Dataset\IFN-ENIT\Bmp files\ae19_046.bmp,,, 
ae19_047,D:\HTR\Dataset\IFN-ENIT\Bmp files\ae19_047.bmp,,, 
ae19_048,D:\HTR\Dataset\IFN-ENIT\Bmp files\ae19_048.bmp,,, 
ae19_049,D:\HTR\Dataset\IFN-ENIT\Bmp files\ae19_049.bmp,,, 
ae19_050,D:\HTR\Dataset\IFN-ENIT\Bmp files\ae19_050.bmp,,, 
ae19_051,D:\HTR\Dataset\IFN-ENIT\Bmp files\ae19_051.bmp,,, 
ae19_052,D:\HTR\Dataset\IFN-ENIT\Bmp files\ae19_052.bmp,,, 
ae19_053,D:\HTR\Dataset\IFN-ENIT\Bmp files\ae19_053.bmp,,, 
ae19_054,D:\HTR\Dataset\IFN-ENIT\Bmp files\ae19_054.bmp,,, 
ae19_055,D:\HTR\Dataset\IFN-ENIT\Bmp files\ae19_055.bmp,,, 
ae19_056,D:\HTR\Dataset\IFN-ENIT\Bmp files\ae19_056.bmp,,, 
ae19_057,D:\HTR\Dataset\IFN-ENIT\Bmp files\ae19_057.bmp,,, 
ae19_058,D:\HTR\Dataset\IFN-ENIT\Bmp files\ae19_058.bmp,,, 
ae19_059,D:\HTR\Dataset\IFN-ENIT\Bmp files\ae19_059.bmp,,, 
ae19_060,D:\HTR\Dataset\IFN-ENIT\Bmp files\ae19_060.bmp,,, 
ae21_001,D:\HTR\Dataset\IFN-ENIT\Bmp files\ae21_001.bmp,,, 
ae21_002,D:\HTR\Dataset\IFN-ENIT\Bmp files\ae21_002.bmp,,, 
ae21_003,D:\HTR\Dataset\IFN-ENIT\Bmp files\ae21_003.bmp,,, 
ae21_004,D:\HTR\Dataset\IFN-ENIT\Bmp files\ae21_004.bmp,,, 
ae21_005,D:\HTR\Dataset\IFN-ENIT\Bmp files\ae21_005.bmp,,, 
ae21_006,D:\HTR\Dataset\IFN-ENIT\Bmp files\ae21_006.bmp,,, 
ae21_007,D:\HTR\Dataset\IFN-ENIT\Bmp files\ae21_007.bmp,,, 
ae21_008,D:\HTR\Dataset\IFN-ENIT\Bmp files\ae21_008.bmp,,, 
ae21_009,D:\HTR\Dataset\IFN-ENIT\Bmp files\ae21_009.bmp,,, 
ae21_010,D:\HTR\Dataset\IFN-ENIT\Bmp files\ae21_010.bmp,,, 
ae21_011,D:\HTR\Dataset\IFN-ENIT\Bmp files\ae21_011.bmp,,, 
ae21_012,D:\HTR\Dataset\IFN-ENIT\Bmp files\ae21_012.bmp,,, 
ae21_013,D:\HTR\Dataset\IFN-ENIT\Bmp files\ae21_013.bmp,,, 
ae21_014,D:\HTR\Dataset\IFN-ENIT\Bmp files\ae21_014.bmp,,, 
ae21_015,D:\HTR\Dataset\IFN-ENIT\Bmp files\ae21_015.bmp,,, 
ae21_016,D:\HTR\Dataset\IFN-ENIT\Bmp files\ae21_016.bmp,,, 
ae21_017,D:\HTR\Dataset\IFN-ENIT\Bmp files\ae21_017.bmp,,, 
ae21_018,D:\HTR\Dataset\IFN-ENIT\Bmp files\ae21_018.bmp,,, 
ae21_019,D:\HTR\Dataset\IFN-ENIT\Bmp files\ae21_019.bmp,,, 
ae21_020,D:\HTR\Dataset\IFN-ENIT\Bmp files\ae21_020.bmp,,, 
ae21_021,D:\HTR\Dataset\IFN-ENIT\Bmp files\ae21_021.bmp,,, 
ae21_022,D:\HTR\Dataset\IFN-ENIT\Bmp files\ae21_022.bmp,,, 
ae21_023,D:\HTR\Dataset\IFN-ENIT\Bmp files\ae21_023.bmp,,, 
ae21_024,D:\HTR\Dataset\IFN-ENIT\Bmp files\ae21_024.bmp,,, 
ae21_025,D:\HTR\Dataset\IFN-ENIT\Bmp files\ae21_025.bmp,,, 
ae21_026,D:\HTR\Dataset\IFN-ENIT\Bmp files\ae21_026.bmp,,, 
ae21_027,D:\HTR\Dataset\IFN-ENIT\Bmp files\ae21_027.bmp,,, 
ae21_028,D:\HTR\Dataset\IFN-ENIT\Bmp files\ae21_028.bmp,,, 
ae21_029,D:\HTR\Dataset\IFN-ENIT\Bmp files\ae21_029.bmp,,, 
ae21_030,D:\HTR\Dataset\IFN-ENIT\Bmp files\ae21_030.bmp,,, 
ae21_031,D:\HTR\Dataset\IFN-ENIT\Bmp files\ae21_031.bmp,,, 
ae21_032,D:\HTR\Dataset\IFN-ENIT\Bmp files\ae21_032.bmp,,, 
ae21_033,D:\HTR\Dataset\IFN-ENIT\Bmp files\ae21_033.bmp,,, 
ae21_034,D:\HTR\Dataset\IFN-ENIT\Bmp files\ae21_034.bmp,,, 
ae21_035,D:\HTR\Dataset\IFN-ENIT\Bmp files\ae21_035.bmp,,, 
ae21_036,D:\HTR\Dataset\IFN-ENIT\Bmp files\ae21_036.bmp,,, 
ae21_037,D:\HTR\Dataset\IFN-ENIT\Bmp files\ae21_037.bmp,,, 
ae21_038,D:\HTR\Dataset\IFN-ENIT\Bmp files\ae21_038.bmp,,, 
ae21_039,D:\HTR\Dataset\IFN-ENIT\Bmp files\ae21_039.bmp,,, 
ae21_040,D:\HTR\Dataset\IFN-ENIT\Bmp files\ae21_040.bmp,,, 
ae21_041,D:\HTR\Dataset\IFN-ENIT\Bmp files\ae21_041.bmp,,, 
ae21_042,D:\HTR\Dataset\IFN-ENIT\Bmp files\ae21_042.bmp,,, 
ae21_043,D:\HTR\Dataset\IFN-ENIT\Bmp files\ae21_043.bmp,,, 
ae21_044,D:\HTR\Dataset\IFN-ENIT\Bmp files\ae21_044.bmp,,, 
ae21_045,D:\HTR\Dataset\IFN-ENIT\Bmp files\ae21_045.bmp,,, 
ae21_046,D:\HTR\Dataset\IFN-ENIT\Bmp files\ae21_046.bmp,,, 
ae21_047,D:\HTR\Dataset\IFN-ENIT\Bmp files\ae21_047.bmp,,, 
ae21_048,D:\HTR\Dataset\IFN-ENIT\Bmp files\ae21_048.bmp,,, 
ae21_049,D:\HTR\Dataset\IFN-ENIT\Bmp files\ae21_049.bmp,,, 
ae21_050,D:\HTR\Dataset\IFN-ENIT\Bmp files\ae21_050.bmp,,, 
ae21_051,D:\HTR\Dataset\IFN-ENIT\Bmp files\ae21_051.bmp,,, 
ae21_052,D:\HTR\Dataset\IFN-ENIT\Bmp files\ae21_052.bmp,,, 
ae21_053,D:\HTR\Dataset\IFN-ENIT\Bmp files\ae21_053.bmp,,, 
ae21_054,D:\HTR\Dataset\IFN-ENIT\Bmp files\ae21_054.bmp,,, 
ae21_055,D:\HTR\Dataset\IFN-ENIT\Bmp files\ae21_055.bmp,,, 
ae21_056,D:\HTR\Dataset\IFN-ENIT\Bmp files\ae21_056.bmp,,, 
ae21_057,D:\HTR\Dataset\IFN-ENIT\Bmp files\ae21_057.bmp,,, 
ae21_058,D:\HTR\Dataset\IFN-ENIT\Bmp files\ae21_058.bmp,,, 
ae21_059,D:\HTR\Dataset\IFN-ENIT\Bmp files\ae21_059.bmp,,, 
ae21_060,D:\HTR\Dataset\IFN-ENIT\Bmp files\ae21_060.bmp,,, 
ae26_001,D:\HTR\Dataset\IFN-ENIT\Bmp files\ae26_001.bmp,,, 
ae26_002,D:\HTR\Dataset\IFN-ENIT\Bmp files\ae26_002.bmp,,, 
ae26_003,D:\HTR\Dataset\IFN-ENIT\Bmp files\ae26_003.bmp,,, 
ae26_004,D:\HTR\Dataset\IFN-ENIT\Bmp files\ae26_004.bmp,,, 
ae26_005,D:\HTR\Dataset\IFN-ENIT\Bmp files\ae26_005.bmp,,, 
ae26_006,D:\HTR\Dataset\IFN-ENIT\Bmp files\ae26_006.bmp,,, 
ae26_007,D:\HTR\Dataset\IFN-ENIT\Bmp files\ae26_007.bmp,,, 
ae26_008,D:\HTR\Dataset\IFN-ENIT\Bmp files\ae26_008.bmp,,, 
ae26_009,D:\HTR\Dataset\IFN-ENIT\Bmp files\ae26_009.bmp,,, 
ae26_010,D:\HTR\Dataset\IFN-ENIT\Bmp files\ae26_010.bmp,,, 
ae26_011,D:\HTR\Dataset\IFN-ENIT\Bmp files\ae26_011.bmp,,, 
ae26_012,D:\HTR\Dataset\IFN-ENIT\Bmp files\ae26_012.bmp,,, 
ae26_013,D:\HTR\Dataset\IFN-ENIT\Bmp files\ae26_013.bmp,,, 
ae26_014,D:\HTR\Dataset\IFN-ENIT\Bmp files\ae26_014.bmp,,, 
ae26_015,D:\HTR\Dataset\IFN-ENIT\Bmp files\ae26_015.bmp,,, 
ae26_016,D:\HTR\Dataset\IFN-ENIT\Bmp files\ae26_016.bmp,,, 
ae26_017,D:\HTR\Dataset\IFN-ENIT\Bmp files\ae26_017.bmp,,, 
ae26_018,D:\HTR\Dataset\IFN-ENIT\Bmp files\ae26_018.bmp,,, 
ae26_019,D:\HTR\Dataset\IFN-ENIT\Bmp files\ae26_019.bmp,,, 
ae26_020,D:\HTR\Dataset\IFN-ENIT\Bmp files\ae26_020.bmp,,, 
ae26_021,D:\HTR\Dataset\IFN-ENIT\Bmp files\ae26_021.bmp,,, 
ae26_022,D:\HTR\Dataset\IFN-ENIT\Bmp files\ae26_022.bmp,,, 
ae26_023,D:\HTR\Dataset\IFN-ENIT\Bmp files\ae26_023.bmp,,, 
ae26_024,D:\HTR\Dataset\IFN-ENIT\Bmp files\ae26_024.bmp,,, 
ae26_025,D:\HTR\Dataset\IFN-ENIT\Bmp files\ae26_025.bmp,,, 
ae26_026,D:\HTR\Dataset\IFN-ENIT\Bmp files\ae26_026.bmp,,, 
ae26_027,D:\HTR\Dataset\IFN-ENIT\Bmp files\ae26_027.bmp,,, 
ae26_028,D:\HTR\Dataset\IFN-ENIT\Bmp files\ae26_028.bmp,,, 
ae26_029,D:\HTR\Dataset\IFN-ENIT\Bmp files\ae26_029.bmp,,, 
ae26_030,D:\HTR\Dataset\IFN-ENIT\Bmp files\ae26_030.bmp,,, 
ae26_031,D:\HTR\Dataset\IFN-ENIT\Bmp files\ae26_031.bmp,,, 
ae26_032,D:\HTR\Dataset\IFN-ENIT\Bmp files\ae26_032.bmp,,, 
ae26_033,D:\HTR\Dataset\IFN-ENIT\Bmp files\ae26_033.bmp,,, 
ae26_034,D:\HTR\Dataset\IFN-ENIT\Bmp files\ae26_034.bmp,,, 
ae26_035,D:\HTR\Dataset\IFN-ENIT\Bmp files\ae26_035.bmp,,, 
ae26_036,D:\HTR\Dataset\IFN-ENIT\Bmp files\ae26_036.bmp,,, 
ae26_037,D:\HTR\Dataset\IFN-ENIT\Bmp files\ae26_037.bmp,,, 
ae26_038,D:\HTR\Dataset\IFN-ENIT\Bmp files\ae26_038.bmp,,, 
ae26_039,D:\HTR\Dataset\IFN-ENIT\Bmp files\ae26_039.bmp,,, 
ae26_040,D:\HTR\Dataset\IFN-ENIT\Bmp files\ae26_040.bmp,,, 
ae26_041,D:\HTR\Dataset\IFN-ENIT\Bmp files\ae26_041.bmp,,, 
ae26_042,D:\HTR\Dataset\IFN-ENIT\Bmp files\ae26_042.bmp,,, 
ae26_043,D:\HTR\Dataset\IFN-ENIT\Bmp files\ae26_043.bmp,,, 
ae26_044,D:\HTR\Dataset\IFN-ENIT\Bmp files\ae26_044.bmp,,, 
ae26_045,D:\HTR\Dataset\IFN-ENIT\Bmp files\ae26_045.bmp,,, 
ae26_046,D:\HTR\Dataset\IFN-ENIT\Bmp files\ae26_046.bmp,,, 
ae26_047,D:\HTR\Dataset\IFN-ENIT\Bmp files\ae26_047.bmp,,, 
ae26_048,D:\HTR\Dataset\IFN-ENIT\Bmp files\ae26_048.bmp,,, 
ae26_049,D:\HTR\Dataset\IFN-ENIT\Bmp files\ae26_049.bmp,,, 
ae26_050,D:\HTR\Dataset\IFN-ENIT\Bmp files\ae26_050.bmp,,, 
ae26_051,D:\HTR\Dataset\IFN-ENIT\Bmp files\ae26_051.bmp,,, 
ae26_052,D:\HTR\Dataset\IFN-ENIT\Bmp files\ae26_052.bmp,,, 
ae26_053,D:\HTR\Dataset\IFN-ENIT\Bmp files\ae26_053.bmp,,, 
ae26_054,D:\HTR\Dataset\IFN-ENIT\Bmp files\ae26_054.bmp,,, 
ae26_055,D:\HTR\Dataset\IFN-ENIT\Bmp files\ae26_055.bmp,,, 
ae26_056,D:\HTR\Dataset\IFN-ENIT\Bmp files\ae26_056.bmp,,, 
ae26_057,D:\HTR\Dataset\IFN-ENIT\Bmp files\ae26_057.bmp,,, 
ae26_058,D:\HTR\Dataset\IFN-ENIT\Bmp files\ae26_058.bmp,,, 
ae26_059,D:\HTR\Dataset\IFN-ENIT\Bmp files\ae26_059.bmp,,, 
ae26_060,D:\HTR\Dataset\IFN-ENIT\Bmp files\ae26_060.bmp,,, 
ae29_001,D:\HTR\Dataset\IFN-ENIT\Bmp files\ae29_001.bmp,,, 
ae29_002,D:\HTR\Dataset\IFN-ENIT\Bmp files\ae29_002.bmp,,, 
ae29_003,D:\HTR\Dataset\IFN-ENIT\Bmp files\ae29_003.bmp,,, 
ae29_004,D:\HTR\Dataset\IFN-ENIT\Bmp files\ae29_004.bmp,,, 
ae29_005,D:\HTR\Dataset\IFN-ENIT\Bmp files\ae29_005.bmp,,, 
ae29_006,D:\HTR\Dataset\IFN-ENIT\Bmp files\ae29_006.bmp,,, 
ae29_007,D:\HTR\Dataset\IFN-ENIT\Bmp files\ae29_007.bmp,,, 
ae29_008,D:\HTR\Dataset\IFN-ENIT\Bmp files\ae29_008.bmp,,, 
ae29_009,D:\HTR\Dataset\IFN-ENIT\Bmp files\ae29_009.bmp,,, 
ae29_010,D:\HTR\Dataset\IFN-ENIT\Bmp files\ae29_010.bmp,,, 
ae29_011,D:\HTR\Dataset\IFN-ENIT\Bmp files\ae29_011.bmp,,, 
ae29_012,D:\HTR\Dataset\IFN-ENIT\Bmp files\ae29_012.bmp,,, 
ae29_013,D:\HTR\Dataset\IFN-ENIT\Bmp files\ae29_013.bmp,,, 
ae29_014,D:\HTR\Dataset\IFN-ENIT\Bmp files\ae29_014.bmp,,, 
ae29_015,D:\HTR\Dataset\IFN-ENIT\Bmp files\ae29_015.bmp,,, 
ae29_016,D:\HTR\Dataset\IFN-ENIT\Bmp files\ae29_016.bmp,,, 
ae29_017,D:\HTR\Dataset\IFN-ENIT\Bmp files\ae29_017.bmp,,, 
ae29_018,D:\HTR\Dataset\IFN-ENIT\Bmp files\ae29_018.bmp,,, 
ae29_019,D:\HTR\Dataset\IFN-ENIT\Bmp files\ae29_019.bmp,,, 
ae29_020,D:\HTR\Dataset\IFN-ENIT\Bmp files\ae29_020.bmp,,, 
ae29_021,D:\HTR\Dataset\IFN-ENIT\Bmp files\ae29_021.bmp,,, 
ae29_022,D:\HTR\Dataset\IFN-ENIT\Bmp files\ae29_022.bmp,,, 
ae29_023,D:\HTR\Dataset\IFN-ENIT\Bmp files\ae29_023.bmp,,, 
ae29_024,D:\HTR\Dataset\IFN-ENIT\Bmp files\ae29_024.bmp,,, 
ae29_025,D:\HTR\Dataset\IFN-ENIT\Bmp files\ae29_025.bmp,,, 
ae29_026,D:\HTR\Dataset\IFN-ENIT\Bmp files\ae29_026.bmp,,, 
ae29_027,D:\HTR\Dataset\IFN-ENIT\Bmp files\ae29_027.bmp,,, 
ae29_028,D:\HTR\Dataset\IFN-ENIT\Bmp files\ae29_028.bmp,,, 
ae29_029,D:\HTR\Dataset\IFN-ENIT\Bmp files\ae29_029.bmp,,, 
ae29_030,D:\HTR\Dataset\IFN-ENIT\Bmp files\ae29_030.bmp,,, 
ae29_031,D:\HTR\Dataset\IFN-ENIT\Bmp files\ae29_031.bmp,,, 
ae29_032,D:\HTR\Dataset\IFN-ENIT\Bmp files\ae29_032.bmp,,, 
ae29_033,D:\HTR\Dataset\IFN-ENIT\Bmp files\ae29_033.bmp,,, 
ae29_034,D:\HTR\Dataset\IFN-ENIT\Bmp files\ae29_034.bmp,,, 
ae29_035,D:\HTR\Dataset\IFN-ENIT\Bmp files\ae29_035.bmp,,, 
ae29_036,D:\HTR\Dataset\IFN-ENIT\Bmp files\ae29_036.bmp,,, 
ae29_037,D:\HTR\Dataset\IFN-ENIT\Bmp files\ae29_037.bmp,,, 
ae29_038,D:\HTR\Dataset\IFN-ENIT\Bmp files\ae29_038.bmp,,, 
ae29_039,D:\HTR\Dataset\IFN-ENIT\Bmp files\ae29_039.bmp,,, 
ae29_040,D:\HTR\Dataset\IFN-ENIT\Bmp files\ae29_040.bmp,,, 
ae29_041,D:\HTR\Dataset\IFN-ENIT\Bmp files\ae29_041.bmp,,, 
ae29_042,D:\HTR\Dataset\IFN-ENIT\Bmp files\ae29_042.bmp,,, 
ae29_043,D:\HTR\Dataset\IFN-ENIT\Bmp files\ae29_043.bmp,,, 
ae29_044,D:\HTR\Dataset\IFN-ENIT\Bmp files\ae29_044.bmp,,, 
ae29_045,D:\HTR\Dataset\IFN-ENIT\Bmp files\ae29_045.bmp,,, 
ae29_046,D:\HTR\Dataset\IFN-ENIT\Bmp files\ae29_046.bmp,,, 
ae29_047,D:\HTR\Dataset\IFN-ENIT\Bmp files\ae29_047.bmp,,, 
ae29_048,D:\HTR\Dataset\IFN-ENIT\Bmp files\ae29_048.bmp,,, 
ae29_049,D:\HTR\Dataset\IFN-ENIT\Bmp files\ae29_049.bmp,,, 
ae29_050,D:\HTR\Dataset\IFN-ENIT\Bmp files\ae29_050.bmp,,, 
ae29_051,D:\HTR\Dataset\IFN-ENIT\Bmp files\ae29_051.bmp,,, 
ae29_052,D:\HTR\Dataset\IFN-ENIT\Bmp files\ae29_052.bmp,,, 
ae29_053,D:\HTR\Dataset\IFN-ENIT\Bmp files\ae29_053.bmp,,, 
ae29_054,D:\HTR\Dataset\IFN-ENIT\Bmp files\ae29_054.bmp,,, 
ae29_055,D:\HTR\Dataset\IFN-ENIT\Bmp files\ae29_055.bmp,,, 
ae29_056,D:\HTR\Dataset\IFN-ENIT\Bmp files\ae29_056.bmp,,, 
ae29_057,D:\HTR\Dataset\IFN-ENIT\Bmp files\ae29_057.bmp,,, 
ae29_058,D:\HTR\Dataset\IFN-ENIT\Bmp files\ae29_058.bmp,,, 
ae29_059,D:\HTR\Dataset\IFN-ENIT\Bmp files\ae29_059.bmp,,, 
ae37_001,D:\HTR\Dataset\IFN-ENIT\Bmp files\ae37_001.bmp,,, 
ae37_002,D:\HTR\Dataset\IFN-ENIT\Bmp files\ae37_002.bmp,,, 
ae37_003,D:\HTR\Dataset\IFN-ENIT\Bmp files\ae37_003.bmp,,, 
ae37_004,D:\HTR\Dataset\IFN-ENIT\Bmp files\ae37_004.bmp,,, 
ae37_005,D:\HTR\Dataset\IFN-ENIT\Bmp files\ae37_005.bmp,,, 
ae37_006,D:\HTR\Dataset\IFN-ENIT\Bmp files\ae37_006.bmp,,, 
ae37_007,D:\HTR\Dataset\IFN-ENIT\Bmp files\ae37_007.bmp,,, 
ae37_008,D:\HTR\Dataset\IFN-ENIT\Bmp files\ae37_008.bmp,,, 
ae37_009,D:\HTR\Dataset\IFN-ENIT\Bmp files\ae37_009.bmp,,, 
ae37_010,D:\HTR\Dataset\IFN-ENIT\Bmp files\ae37_010.bmp,,, 
ae37_011,D:\HTR\Dataset\IFN-ENIT\Bmp files\ae37_011.bmp,,, 
ae37_012,D:\HTR\Dataset\IFN-ENIT\Bmp files\ae37_012.bmp,,, 
ae37_013,D:\HTR\Dataset\IFN-ENIT\Bmp files\ae37_013.bmp,,, 
ae37_014,D:\HTR\Dataset\IFN-ENIT\Bmp files\ae37_014.bmp,,, 
ae37_015,D:\HTR\Dataset\IFN-ENIT\Bmp files\ae37_015.bmp,,, 
ae37_016,D:\HTR\Dataset\IFN-ENIT\Bmp files\ae37_016.bmp,,, 
ae37_017,D:\HTR\Dataset\IFN-ENIT\Bmp files\ae37_017.bmp,,, 
ae37_018,D:\HTR\Dataset\IFN-ENIT\Bmp files\ae37_018.bmp,,, 
ae37_019,D:\HTR\Dataset\IFN-ENIT\Bmp files\ae37_019.bmp,,, 
ae37_020,D:\HTR\Dataset\IFN-ENIT\Bmp files\ae37_020.bmp,,, 
ae37_021,D:\HTR\Dataset\IFN-ENIT\Bmp files\ae37_021.bmp,,, 
ae37_022,D:\HTR\Dataset\IFN-ENIT\Bmp files\ae37_022.bmp,,, 
ae37_023,D:\HTR\Dataset\IFN-ENIT\Bmp files\ae37_023.bmp,,, 
ae37_024,D:\HTR\Dataset\IFN-ENIT\Bmp files\ae37_024.bmp,,, 
ae37_025,D:\HTR\Dataset\IFN-ENIT\Bmp files\ae37_025.bmp,,, 
ae37_026,D:\HTR\Dataset\IFN-ENIT\Bmp files\ae37_026.bmp,,, 
ae37_027,D:\HTR\Dataset\IFN-ENIT\Bmp files\ae37_027.bmp,,, 
ae37_028,D:\HTR\Dataset\IFN-ENIT\Bmp files\ae37_028.bmp,,, 
ae37_029,D:\HTR\Dataset\IFN-ENIT\Bmp files\ae37_029.bmp,,, 
ae37_030,D:\HTR\Dataset\IFN-ENIT\Bmp files\ae37_030.bmp,,, 
ae37_031,D:\HTR\Dataset\IFN-ENIT\Bmp files\ae37_031.bmp,,, 
ae37_032,D:\HTR\Dataset\IFN-ENIT\Bmp files\ae37_032.bmp,,, 
ae37_033,D:\HTR\Dataset\IFN-ENIT\Bmp files\ae37_033.bmp,,, 
ae37_034,D:\HTR\Dataset\IFN-ENIT\Bmp files\ae37_034.bmp,,, 
ae37_035,D:\HTR\Dataset\IFN-ENIT\Bmp files\ae37_035.bmp,,, 
ae37_036,D:\HTR\Dataset\IFN-ENIT\Bmp files\ae37_036.bmp,,, 
ae37_037,D:\HTR\Dataset\IFN-ENIT\Bmp files\ae37_037.bmp,,, 
ae37_038,D:\HTR\Dataset\IFN-ENIT\Bmp files\ae37_038.bmp,,, 
ae37_039,D:\HTR\Dataset\IFN-ENIT\Bmp files\ae37_039.bmp,,, 
ae37_040,D:\HTR\Dataset\IFN-ENIT\Bmp files\ae37_040.bmp,,, 
ae37_041,D:\HTR\Dataset\IFN-ENIT\Bmp files\ae37_041.bmp,,, 
ae37_042,D:\HTR\Dataset\IFN-ENIT\Bmp files\ae37_042.bmp,,, 
ae37_043,D:\HTR\Dataset\IFN-ENIT\Bmp files\ae37_043.bmp,,, 
ae37_044,D:\HTR\Dataset\IFN-ENIT\Bmp files\ae37_044.bmp,,, 
ae37_045,D:\HTR\Dataset\IFN-ENIT\Bmp files\ae37_045.bmp,,, 
ae37_046,D:\HTR\Dataset\IFN-ENIT\Bmp files\ae37_046.bmp,,, 
ae37_047,D:\HTR\Dataset\IFN-ENIT\Bmp files\ae37_047.bmp,,, 
ae37_048,D:\HTR\Dataset\IFN-ENIT\Bmp files\ae37_048.bmp,,, 
ae37_049,D:\HTR\Dataset\IFN-ENIT\Bmp files\ae37_049.bmp,,, 
ae37_050,D:\HTR\Dataset\IFN-ENIT\Bmp files\ae37_050.bmp,,, 
ae37_051,D:\HTR\Dataset\IFN-ENIT\Bmp files\ae37_051.bmp,,, 
ae37_052,D:\HTR\Dataset\IFN-ENIT\Bmp files\ae37_052.bmp,,, 
ae37_053,D:\HTR\Dataset\IFN-ENIT\Bmp files\ae37_053.bmp,,, 
ae37_054,D:\HTR\Dataset\IFN-ENIT\Bmp files\ae37_054.bmp,,, 
ae37_055,D:\HTR\Dataset\IFN-ENIT\Bmp files\ae37_055.bmp,,, 
ae37_056,D:\HTR\Dataset\IFN-ENIT\Bmp files\ae37_056.bmp,,, 
ae37_057,D:\HTR\Dataset\IFN-ENIT\Bmp files\ae37_057.bmp,,, 
ae37_058,D:\HTR\Dataset\IFN-ENIT\Bmp files\ae37_058.bmp,,, 
ae37_059,D:\HTR\Dataset\IFN-ENIT\Bmp files\ae37_059.bmp,,, 
ae38_001,D:\HTR\Dataset\IFN-ENIT\Bmp files\ae38_001.bmp,,, 
ae38_002,D:\HTR\Dataset\IFN-ENIT\Bmp files\ae38_002.bmp,,, 
ae38_003,D:\HTR\Dataset\IFN-ENIT\Bmp files\ae38_003.bmp,,, 
ae38_004,D:\HTR\Dataset\IFN-ENIT\Bmp files\ae38_004.bmp,,, 
ae38_005,D:\HTR\Dataset\IFN-ENIT\Bmp files\ae38_005.bmp,,, 
ae38_006,D:\HTR\Dataset\IFN-ENIT\Bmp files\ae38_006.bmp,,, 
ae38_007,D:\HTR\Dataset\IFN-ENIT\Bmp files\ae38_007.bmp,,, 
ae38_008,D:\HTR\Dataset\IFN-ENIT\Bmp files\ae38_008.bmp,,, 
ae38_009,D:\HTR\Dataset\IFN-ENIT\Bmp files\ae38_009.bmp,,, 
ae38_010,D:\HTR\Dataset\IFN-ENIT\Bmp files\ae38_010.bmp,,, 
ae38_011,D:\HTR\Dataset\IFN-ENIT\Bmp files\ae38_011.bmp,,, 
ae38_012,D:\HTR\Dataset\IFN-ENIT\Bmp files\ae38_012.bmp,,, 
ae38_013,D:\HTR\Dataset\IFN-ENIT\Bmp files\ae38_013.bmp,,, 
ae38_014,D:\HTR\Dataset\IFN-ENIT\Bmp files\ae38_014.bmp,,, 
ae38_015,D:\HTR\Dataset\IFN-ENIT\Bmp files\ae38_015.bmp,,, 
ae38_016,D:\HTR\Dataset\IFN-ENIT\Bmp files\ae38_016.bmp,,, 
ae38_017,D:\HTR\Dataset\IFN-ENIT\Bmp files\ae38_017.bmp,,, 
ae38_018,D:\HTR\Dataset\IFN-ENIT\Bmp files\ae38_018.bmp,,, 
ae38_019,D:\HTR\Dataset\IFN-ENIT\Bmp files\ae38_019.bmp,,, 
ae38_020,D:\HTR\Dataset\IFN-ENIT\Bmp files\ae38_020.bmp,,, 
ae38_021,D:\HTR\Dataset\IFN-ENIT\Bmp files\ae38_021.bmp,,, 
ae38_022,D:\HTR\Dataset\IFN-ENIT\Bmp files\ae38_022.bmp,,, 
ae38_023,D:\HTR\Dataset\IFN-ENIT\Bmp files\ae38_023.bmp,,, 
ae38_024,D:\HTR\Dataset\IFN-ENIT\Bmp files\ae38_024.bmp,,, 
ae38_025,D:\HTR\Dataset\IFN-ENIT\Bmp files\ae38_025.bmp,,, 
ae38_026,D:\HTR\Dataset\IFN-ENIT\Bmp files\ae38_026.bmp,,, 
ae38_027,D:\HTR\Dataset\IFN-ENIT\Bmp files\ae38_027.bmp,,, 
ae38_028,D:\HTR\Dataset\IFN-ENIT\Bmp files\ae38_028.bmp,,, 
ae38_029,D:\HTR\Dataset\IFN-ENIT\Bmp files\ae38_029.bmp,,, 
ae38_030,D:\HTR\Dataset\IFN-ENIT\Bmp files\ae38_030.bmp,,, 
ae38_031,D:\HTR\Dataset\IFN-ENIT\Bmp files\ae38_031.bmp,,, 
ae38_032,D:\HTR\Dataset\IFN-ENIT\Bmp files\ae38_032.bmp,,, 
ae38_033,D:\HTR\Dataset\IFN-ENIT\Bmp files\ae38_033.bmp,,, 
ae38_034,D:\HTR\Dataset\IFN-ENIT\Bmp files\ae38_034.bmp,,, 
ae38_035,D:\HTR\Dataset\IFN-ENIT\Bmp files\ae38_035.bmp,,, 
ae38_036,D:\HTR\Dataset\IFN-ENIT\Bmp files\ae38_036.bmp,,, 
ae38_037,D:\HTR\Dataset\IFN-ENIT\Bmp files\ae38_037.bmp,,, 
ae38_038,D:\HTR\Dataset\IFN-ENIT\Bmp files\ae38_038.bmp,,, 
ae38_039,D:\HTR\Dataset\IFN-ENIT\Bmp files\ae38_039.bmp,,, 
ae38_040,D:\HTR\Dataset\IFN-ENIT\Bmp files\ae38_040.bmp,,, 
ae38_041,D:\HTR\Dataset\IFN-ENIT\Bmp files\ae38_041.bmp,,, 
ae38_042,D:\HTR\Dataset\IFN-ENIT\Bmp files\ae38_042.bmp,,, 
ae38_043,D:\HTR\Dataset\IFN-ENIT\Bmp files\ae38_043.bmp,,, 
ae38_044,D:\HTR\Dataset\IFN-ENIT\Bmp files\ae38_044.bmp,,, 
ae38_045,D:\HTR\Dataset\IFN-ENIT\Bmp files\ae38_045.bmp,,, 
ae38_046,D:\HTR\Dataset\IFN-ENIT\Bmp files\ae38_046.bmp,,, 
ae38_047,D:\HTR\Dataset\IFN-ENIT\Bmp files\ae38_047.bmp,,, 
ae38_048,D:\HTR\Dataset\IFN-ENIT\Bmp files\ae38_048.bmp,,, 
ae38_049,D:\HTR\Dataset\IFN-ENIT\Bmp files\ae38_049.bmp,,, 
ae38_050,D:\HTR\Dataset\IFN-ENIT\Bmp files\ae38_050.bmp,,, 
ae38_051,D:\HTR\Dataset\IFN-ENIT\Bmp files\ae38_051.bmp,,, 
ae38_052,D:\HTR\Dataset\IFN-ENIT\Bmp files\ae38_052.bmp,,, 
ae38_053,D:\HTR\Dataset\IFN-ENIT\Bmp files\ae38_053.bmp,,, 
ae38_054,D:\HTR\Dataset\IFN-ENIT\Bmp files\ae38_054.bmp,,, 
ae38_055,D:\HTR\Dataset\IFN-ENIT\Bmp files\ae38_055.bmp,,, 
ae38_056,D:\HTR\Dataset\IFN-ENIT\Bmp files\ae38_056.bmp,,, 
ae38_057,D:\HTR\Dataset\IFN-ENIT\Bmp files\ae38_057.bmp,,, 
ae38_058,D:\HTR\Dataset\IFN-ENIT\Bmp files\ae38_058.bmp,,, 
ae38_059,D:\HTR\Dataset\IFN-ENIT\Bmp files\ae38_059.bmp,,, 
ae53_001,D:\HTR\Dataset\IFN-ENIT\Bmp files\ae53_001.bmp,,, 
ae53_002,D:\HTR\Dataset\IFN-ENIT\Bmp files\ae53_002.bmp,,, 
ae53_003,D:\HTR\Dataset\IFN-ENIT\Bmp files\ae53_003.bmp,,, 
ae53_004,D:\HTR\Dataset\IFN-ENIT\Bmp files\ae53_004.bmp,,, 
ae53_005,D:\HTR\Dataset\IFN-ENIT\Bmp files\ae53_005.bmp,,, 
ae53_006,D:\HTR\Dataset\IFN-ENIT\Bmp files\ae53_006.bmp,,, 
ae53_007,D:\HTR\Dataset\IFN-ENIT\Bmp files\ae53_007.bmp,,, 
ae53_008,D:\HTR\Dataset\IFN-ENIT\Bmp files\ae53_008.bmp,,, 
ae53_009,D:\HTR\Dataset\IFN-ENIT\Bmp files\ae53_009.bmp,,, 
ae53_010,D:\HTR\Dataset\IFN-ENIT\Bmp files\ae53_010.bmp,,, 
ae53_011,D:\HTR\Dataset\IFN-ENIT\Bmp files\ae53_011.bmp,,, 
ae53_012,D:\HTR\Dataset\IFN-ENIT\Bmp files\ae53_012.bmp,,, 
ae53_013,D:\HTR\Dataset\IFN-ENIT\Bmp files\ae53_013.bmp,,, 
ae53_014,D:\HTR\Dataset\IFN-ENIT\Bmp files\ae53_014.bmp,,, 
ae53_015,D:\HTR\Dataset\IFN-ENIT\Bmp files\ae53_015.bmp,,, 
ae53_016,D:\HTR\Dataset\IFN-ENIT\Bmp files\ae53_016.bmp,,, 
ae53_017,D:\HTR\Dataset\IFN-ENIT\Bmp files\ae53_017.bmp,,, 
ae53_018,D:\HTR\Dataset\IFN-ENIT\Bmp files\ae53_018.bmp,,, 
ae53_019,D:\HTR\Dataset\IFN-ENIT\Bmp files\ae53_019.bmp,,, 
ae53_020,D:\HTR\Dataset\IFN-ENIT\Bmp files\ae53_020.bmp,,, 
ae53_021,D:\HTR\Dataset\IFN-ENIT\Bmp files\ae53_021.bmp,,, 
ae53_022,D:\HTR\Dataset\IFN-ENIT\Bmp files\ae53_022.bmp,,, 
ae53_023,D:\HTR\Dataset\IFN-ENIT\Bmp files\ae53_023.bmp,,, 
ae53_024,D:\HTR\Dataset\IFN-ENIT\Bmp files\ae53_024.bmp,,, 
ae53_025,D:\HTR\Dataset\IFN-ENIT\Bmp files\ae53_025.bmp,,, 
ae53_026,D:\HTR\Dataset\IFN-ENIT\Bmp files\ae53_026.bmp,,, 
ae53_027,D:\HTR\Dataset\IFN-ENIT\Bmp files\ae53_027.bmp,,, 
ae53_028,D:\HTR\Dataset\IFN-ENIT\Bmp files\ae53_028.bmp,,, 
ae53_029,D:\HTR\Dataset\IFN-ENIT\Bmp files\ae53_029.bmp,,, 
ae53_030,D:\HTR\Dataset\IFN-ENIT\Bmp files\ae53_030.bmp,,, 
ae53_031,D:\HTR\Dataset\IFN-ENIT\Bmp files\ae53_031.bmp,,, 
ae53_032,D:\HTR\Dataset\IFN-ENIT\Bmp files\ae53_032.bmp,,, 
ae53_033,D:\HTR\Dataset\IFN-ENIT\Bmp files\ae53_033.bmp,,, 
ae53_034,D:\HTR\Dataset\IFN-ENIT\Bmp files\ae53_034.bmp,,, 
ae53_035,D:\HTR\Dataset\IFN-ENIT\Bmp files\ae53_035.bmp,,, 
ae53_036,D:\HTR\Dataset\IFN-ENIT\Bmp files\ae53_036.bmp,,, 
ae53_037,D:\HTR\Dataset\IFN-ENIT\Bmp files\ae53_037.bmp,,, 
ae53_038,D:\HTR\Dataset\IFN-ENIT\Bmp files\ae53_038.bmp,,, 
ae53_039,D:\HTR\Dataset\IFN-ENIT\Bmp files\ae53_039.bmp,,, 
ae53_040,D:\HTR\Dataset\IFN-ENIT\Bmp files\ae53_040.bmp,,, 
ae53_041,D:\HTR\Dataset\IFN-ENIT\Bmp files\ae53_041.bmp,,, 
ae53_042,D:\HTR\Dataset\IFN-ENIT\Bmp files\ae53_042.bmp,,, 
ae53_043,D:\HTR\Dataset\IFN-ENIT\Bmp files\ae53_043.bmp,,, 
ae53_044,D:\HTR\Dataset\IFN-ENIT\Bmp files\ae53_044.bmp,,, 
ae53_045,D:\HTR\Dataset\IFN-ENIT\Bmp files\ae53_045.bmp,,, 
ae53_046,D:\HTR\Dataset\IFN-ENIT\Bmp files\ae53_046.bmp,,, 
ae53_047,D:\HTR\Dataset\IFN-ENIT\Bmp files\ae53_047.bmp,,, 
ae53_048,D:\HTR\Dataset\IFN-ENIT\Bmp files\ae53_048.bmp,,, 
ae53_049,D:\HTR\Dataset\IFN-ENIT\Bmp files\ae53_049.bmp,,, 
ae53_050,D:\HTR\Dataset\IFN-ENIT\Bmp files\ae53_050.bmp,,, 
ae53_051,D:\HTR\Dataset\IFN-ENIT\Bmp files\ae53_051.bmp,,, 
ae53_052,D:\HTR\Dataset\IFN-ENIT\Bmp files\ae53_052.bmp,,, 
ae53_053,D:\HTR\Dataset\IFN-ENIT\Bmp files\ae53_053.bmp,,, 
ae53_054,D:\HTR\Dataset\IFN-ENIT\Bmp files\ae53_054.bmp,,, 
ae53_055,D:\HTR\Dataset\IFN-ENIT\Bmp files\ae53_055.bmp,,, 
ae53_056,D:\HTR\Dataset\IFN-ENIT\Bmp files\ae53_056.bmp,,, 
ae53_057,D:\HTR\Dataset\IFN-ENIT\Bmp files\ae53_057.bmp,,, 
ae53_058,D:\HTR\Dataset\IFN-ENIT\Bmp files\ae53_058.bmp,,, 
ae53_059,D:\HTR\Dataset\IFN-ENIT\Bmp files\ae53_059.bmp,,, 
ae57_001,D:\HTR\Dataset\IFN-ENIT\Bmp files\ae57_001.bmp,,, 
ae57_002,D:\HTR\Dataset\IFN-ENIT\Bmp files\ae57_002.bmp,,, 
ae57_003,D:\HTR\Dataset\IFN-ENIT\Bmp files\ae57_003.bmp,,, 
ae57_004,D:\HTR\Dataset\IFN-ENIT\Bmp files\ae57_004.bmp,,, 
ae57_005,D:\HTR\Dataset\IFN-ENIT\Bmp files\ae57_005.bmp,,, 
ae57_006,D:\HTR\Dataset\IFN-ENIT\Bmp files\ae57_006.bmp,,, 
ae57_007,D:\HTR\Dataset\IFN-ENIT\Bmp files\ae57_007.bmp,,, 
ae57_008,D:\HTR\Dataset\IFN-ENIT\Bmp files\ae57_008.bmp,,, 
ae57_009,D:\HTR\Dataset\IFN-ENIT\Bmp files\ae57_009.bmp,,, 
ae57_010,D:\HTR\Dataset\IFN-ENIT\Bmp files\ae57_010.bmp,,, 
ae57_011,D:\HTR\Dataset\IFN-ENIT\Bmp files\ae57_011.bmp,,, 
ae57_012,D:\HTR\Dataset\IFN-ENIT\Bmp files\ae57_012.bmp,,, 
ae57_013,D:\HTR\Dataset\IFN-ENIT\Bmp files\ae57_013.bmp,,, 
ae57_014,D:\HTR\Dataset\IFN-ENIT\Bmp files\ae57_014.bmp,,, 
ae57_015,D:\HTR\Dataset\IFN-ENIT\Bmp files\ae57_015.bmp,,, 
ae57_016,D:\HTR\Dataset\IFN-ENIT\Bmp files\ae57_016.bmp,,, 
ae57_017,D:\HTR\Dataset\IFN-ENIT\Bmp files\ae57_017.bmp,,, 
ae57_018,D:\HTR\Dataset\IFN-ENIT\Bmp files\ae57_018.bmp,,, 
ae57_019,D:\HTR\Dataset\IFN-ENIT\Bmp files\ae57_019.bmp,,, 
ae57_020,D:\HTR\Dataset\IFN-ENIT\Bmp files\ae57_020.bmp,,, 
ae57_021,D:\HTR\Dataset\IFN-ENIT\Bmp files\ae57_021.bmp,,, 
ae57_022,D:\HTR\Dataset\IFN-ENIT\Bmp files\ae57_022.bmp,,, 
ae57_023,D:\HTR\Dataset\IFN-ENIT\Bmp files\ae57_023.bmp,,, 
ae57_024,D:\HTR\Dataset\IFN-ENIT\Bmp files\ae57_024.bmp,,, 
ae57_025,D:\HTR\Dataset\IFN-ENIT\Bmp files\ae57_025.bmp,,, 
ae57_026,D:\HTR\Dataset\IFN-ENIT\Bmp files\ae57_026.bmp,,, 
ae57_027,D:\HTR\Dataset\IFN-ENIT\Bmp files\ae57_027.bmp,,, 
ae57_028,D:\HTR\Dataset\IFN-ENIT\Bmp files\ae57_028.bmp,,, 
ae57_029,D:\HTR\Dataset\IFN-ENIT\Bmp files\ae57_029.bmp,,, 
ae57_030,D:\HTR\Dataset\IFN-ENIT\Bmp files\ae57_030.bmp,,, 
ae57_031,D:\HTR\Dataset\IFN-ENIT\Bmp files\ae57_031.bmp,,, 
ae57_032,D:\HTR\Dataset\IFN-ENIT\Bmp files\ae57_032.bmp,,, 
ae57_033,D:\HTR\Dataset\IFN-ENIT\Bmp files\ae57_033.bmp,,, 
ae57_034,D:\HTR\Dataset\IFN-ENIT\Bmp files\ae57_034.bmp,,, 
ae57_035,D:\HTR\Dataset\IFN-ENIT\Bmp files\ae57_035.bmp,,, 
ae57_036,D:\HTR\Dataset\IFN-ENIT\Bmp files\ae57_036.bmp,,, 
ae57_037,D:\HTR\Dataset\IFN-ENIT\Bmp files\ae57_037.bmp,,, 
ae57_038,D:\HTR\Dataset\IFN-ENIT\Bmp files\ae57_038.bmp,,, 
ae57_039,D:\HTR\Dataset\IFN-ENIT\Bmp files\ae57_039.bmp,,, 
ae57_040,D:\HTR\Dataset\IFN-ENIT\Bmp files\ae57_040.bmp,,, 
ae57_041,D:\HTR\Dataset\IFN-ENIT\Bmp files\ae57_041.bmp,,, 
ae57_042,D:\HTR\Dataset\IFN-ENIT\Bmp files\ae57_042.bmp,,, 
ae57_043,D:\HTR\Dataset\IFN-ENIT\Bmp files\ae57_043.bmp,,, 
ae57_044,D:\HTR\Dataset\IFN-ENIT\Bmp files\ae57_044.bmp,,, 
ae57_045,D:\HTR\Dataset\IFN-ENIT\Bmp files\ae57_045.bmp,,, 
ae57_046,D:\HTR\Dataset\IFN-ENIT\Bmp files\ae57_046.bmp,,, 
ae57_047,D:\HTR\Dataset\IFN-ENIT\Bmp files\ae57_047.bmp,,, 
ae57_048,D:\HTR\Dataset\IFN-ENIT\Bmp files\ae57_048.bmp,,, 
ae57_049,D:\HTR\Dataset\IFN-ENIT\Bmp files\ae57_049.bmp,,, 
ae57_050,D:\HTR\Dataset\IFN-ENIT\Bmp files\ae57_050.bmp,,, 
ae57_051,D:\HTR\Dataset\IFN-ENIT\Bmp files\ae57_051.bmp,,, 
ae57_052,D:\HTR\Dataset\IFN-ENIT\Bmp files\ae57_052.bmp,,, 
ae57_053,D:\HTR\Dataset\IFN-ENIT\Bmp files\ae57_053.bmp,,, 
ae57_054,D:\HTR\Dataset\IFN-ENIT\Bmp files\ae57_054.bmp,,, 
ae57_055,D:\HTR\Dataset\IFN-ENIT\Bmp files\ae57_055.bmp,,, 
ae57_056,D:\HTR\Dataset\IFN-ENIT\Bmp files\ae57_056.bmp,,, 
ae57_057,D:\HTR\Dataset\IFN-ENIT\Bmp files\ae57_057.bmp,,, 
ae57_058,D:\HTR\Dataset\IFN-ENIT\Bmp files\ae57_058.bmp,,, 
ae57_059,D:\HTR\Dataset\IFN-ENIT\Bmp files\ae57_059.bmp,,, 
ae68_001,D:\HTR\Dataset\IFN-ENIT\Bmp files\ae68_001.bmp,,, 
ae68_002,D:\HTR\Dataset\IFN-ENIT\Bmp files\ae68_002.bmp,,, 
ae68_003,D:\HTR\Dataset\IFN-ENIT\Bmp files\ae68_003.bmp,,, 
ae68_004,D:\HTR\Dataset\IFN-ENIT\Bmp files\ae68_004.bmp,,, 
ae68_005,D:\HTR\Dataset\IFN-ENIT\Bmp files\ae68_005.bmp,,, 
ae68_006,D:\HTR\Dataset\IFN-ENIT\Bmp files\ae68_006.bmp,,, 
ae68_007,D:\HTR\Dataset\IFN-ENIT\Bmp files\ae68_007.bmp,,, 
ae68_008,D:\HTR\Dataset\IFN-ENIT\Bmp files\ae68_008.bmp,,, 
ae68_009,D:\HTR\Dataset\IFN-ENIT\Bmp files\ae68_009.bmp,,, 
ae68_010,D:\HTR\Dataset\IFN-ENIT\Bmp files\ae68_010.bmp,,, 
ae68_011,D:\HTR\Dataset\IFN-ENIT\Bmp files\ae68_011.bmp,,, 
ae68_012,D:\HTR\Dataset\IFN-ENIT\Bmp files\ae68_012.bmp,,, 
ae68_013,D:\HTR\Dataset\IFN-ENIT\Bmp files\ae68_013.bmp,,, 
ae68_014,D:\HTR\Dataset\IFN-ENIT\Bmp files\ae68_014.bmp,,, 
ae68_015,D:\HTR\Dataset\IFN-ENIT\Bmp files\ae68_015.bmp,,, 
ae68_016,D:\HTR\Dataset\IFN-ENIT\Bmp files\ae68_016.bmp,,, 
ae68_017,D:\HTR\Dataset\IFN-ENIT\Bmp files\ae68_017.bmp,,, 
ae68_018,D:\HTR\Dataset\IFN-ENIT\Bmp files\ae68_018.bmp,,, 
ae68_019,D:\HTR\Dataset\IFN-ENIT\Bmp files\ae68_019.bmp,,, 
ae68_020,D:\HTR\Dataset\IFN-ENIT\Bmp files\ae68_020.bmp,,, 
ae68_021,D:\HTR\Dataset\IFN-ENIT\Bmp files\ae68_021.bmp,,, 
ae68_022,D:\HTR\Dataset\IFN-ENIT\Bmp files\ae68_022.bmp,,, 
ae68_023,D:\HTR\Dataset\IFN-ENIT\Bmp files\ae68_023.bmp,,, 
ae68_024,D:\HTR\Dataset\IFN-ENIT\Bmp files\ae68_024.bmp,,, 
ae68_025,D:\HTR\Dataset\IFN-ENIT\Bmp files\ae68_025.bmp,,, 
ae68_026,D:\HTR\Dataset\IFN-ENIT\Bmp files\ae68_026.bmp,,, 
ae68_027,D:\HTR\Dataset\IFN-ENIT\Bmp files\ae68_027.bmp,,, 
ae68_028,D:\HTR\Dataset\IFN-ENIT\Bmp files\ae68_028.bmp,,, 
ae68_029,D:\HTR\Dataset\IFN-ENIT\Bmp files\ae68_029.bmp,,, 
ae68_030,D:\HTR\Dataset\IFN-ENIT\Bmp files\ae68_030.bmp,,, 
ae68_031,D:\HTR\Dataset\IFN-ENIT\Bmp files\ae68_031.bmp,,, 
ae68_032,D:\HTR\Dataset\IFN-ENIT\Bmp files\ae68_032.bmp,,, 
ae68_033,D:\HTR\Dataset\IFN-ENIT\Bmp files\ae68_033.bmp,,, 
ae68_034,D:\HTR\Dataset\IFN-ENIT\Bmp files\ae68_034.bmp,,, 
ae68_035,D:\HTR\Dataset\IFN-ENIT\Bmp files\ae68_035.bmp,,, 
ae68_036,D:\HTR\Dataset\IFN-ENIT\Bmp files\ae68_036.bmp,,, 
ae68_037,D:\HTR\Dataset\IFN-ENIT\Bmp files\ae68_037.bmp,,, 
ae68_038,D:\HTR\Dataset\IFN-ENIT\Bmp files\ae68_038.bmp,,, 
ae68_039,D:\HTR\Dataset\IFN-ENIT\Bmp files\ae68_039.bmp,,, 
ae68_040,D:\HTR\Dataset\IFN-ENIT\Bmp files\ae68_040.bmp,,, 
ae68_041,D:\HTR\Dataset\IFN-ENIT\Bmp files\ae68_041.bmp,,, 
ae68_042,D:\HTR\Dataset\IFN-ENIT\Bmp files\ae68_042.bmp,,, 
ae68_043,D:\HTR\Dataset\IFN-ENIT\Bmp files\ae68_043.bmp,,, 
ae68_044,D:\HTR\Dataset\IFN-ENIT\Bmp files\ae68_044.bmp,,, 
ae68_045,D:\HTR\Dataset\IFN-ENIT\Bmp files\ae68_045.bmp,,, 
ae68_046,D:\HTR\Dataset\IFN-ENIT\Bmp files\ae68_046.bmp,,, 
ae68_047,D:\HTR\Dataset\IFN-ENIT\Bmp files\ae68_047.bmp,,, 
ae68_048,D:\HTR\Dataset\IFN-ENIT\Bmp files\ae68_048.bmp,,, 
ae68_049,D:\HTR\Dataset\IFN-ENIT\Bmp files\ae68_049.bmp,,, 
ae68_050,D:\HTR\Dataset\IFN-ENIT\Bmp files\ae68_050.bmp,,, 
ae68_051,D:\HTR\Dataset\IFN-ENIT\Bmp files\ae68_051.bmp,,, 
ae68_052,D:\HTR\Dataset\IFN-ENIT\Bmp files\ae68_052.bmp,,, 
ae68_053,D:\HTR\Dataset\IFN-ENIT\Bmp files\ae68_053.bmp,,, 
ae68_054,D:\HTR\Dataset\IFN-ENIT\Bmp files\ae68_054.bmp,,, 
ae68_055,D:\HTR\Dataset\IFN-ENIT\Bmp files\ae68_055.bmp,,, 
ae68_056,D:\HTR\Dataset\IFN-ENIT\Bmp files\ae68_056.bmp,,, 
ae68_057,D:\HTR\Dataset\IFN-ENIT\Bmp files\ae68_057.bmp,,, 
ae68_058,D:\HTR\Dataset\IFN-ENIT\Bmp files\ae68_058.bmp,,, 
ae69_001,D:\HTR\Dataset\IFN-ENIT\Bmp files\ae69_001.bmp,,, 
ae69_002,D:\HTR\Dataset\IFN-ENIT\Bmp files\ae69_002.bmp,,, 
ae69_003,D:\HTR\Dataset\IFN-ENIT\Bmp files\ae69_003.bmp,,, 
ae69_004,D:\HTR\Dataset\IFN-ENIT\Bmp files\ae69_004.bmp,,, 
ae69_005,D:\HTR\Dataset\IFN-ENIT\Bmp files\ae69_005.bmp,,, 
ae69_006,D:\HTR\Dataset\IFN-ENIT\Bmp files\ae69_006.bmp,,, 
ae69_007,D:\HTR\Dataset\IFN-ENIT\Bmp files\ae69_007.bmp,,, 
ae69_008,D:\HTR\Dataset\IFN-ENIT\Bmp files\ae69_008.bmp,,, 
ae69_009,D:\HTR\Dataset\IFN-ENIT\Bmp files\ae69_009.bmp,,, 
ae69_010,D:\HTR\Dataset\IFN-ENIT\Bmp files\ae69_010.bmp,,, 
ae69_011,D:\HTR\Dataset\IFN-ENIT\Bmp files\ae69_011.bmp,,, 
ae69_012,D:\HTR\Dataset\IFN-ENIT\Bmp files\ae69_012.bmp,,, 
ae69_013,D:\HTR\Dataset\IFN-ENIT\Bmp files\ae69_013.bmp,,, 
ae69_014,D:\HTR\Dataset\IFN-ENIT\Bmp files\ae69_014.bmp,,, 
ae69_015,D:\HTR\Dataset\IFN-ENIT\Bmp files\ae69_015.bmp,,, 
ae69_016,D:\HTR\Dataset\IFN-ENIT\Bmp files\ae69_016.bmp,,, 
ae69_017,D:\HTR\Dataset\IFN-ENIT\Bmp files\ae69_017.bmp,,, 
ae69_018,D:\HTR\Dataset\IFN-ENIT\Bmp files\ae69_018.bmp,,, 
ae69_019,D:\HTR\Dataset\IFN-ENIT\Bmp files\ae69_019.bmp,,, 
ae69_020,D:\HTR\Dataset\IFN-ENIT\Bmp files\ae69_020.bmp,,, 
ae69_021,D:\HTR\Dataset\IFN-ENIT\Bmp files\ae69_021.bmp,,, 
ae69_022,D:\HTR\Dataset\IFN-ENIT\Bmp files\ae69_022.bmp,,, 
ae69_023,D:\HTR\Dataset\IFN-ENIT\Bmp files\ae69_023.bmp,,, 
ae69_024,D:\HTR\Dataset\IFN-ENIT\Bmp files\ae69_024.bmp,,, 
ae69_025,D:\HTR\Dataset\IFN-ENIT\Bmp files\ae69_025.bmp,,, 
ae69_026,D:\HTR\Dataset\IFN-ENIT\Bmp files\ae69_026.bmp,,, 
ae69_027,D:\HTR\Dataset\IFN-ENIT\Bmp files\ae69_027.bmp,,, 
ae69_028,D:\HTR\Dataset\IFN-ENIT\Bmp files\ae69_028.bmp,,, 
ae69_029,D:\HTR\Dataset\IFN-ENIT\Bmp files\ae69_029.bmp,,, 
ae69_030,D:\HTR\Dataset\IFN-ENIT\Bmp files\ae69_030.bmp,,, 
ae69_031,D:\HTR\Dataset\IFN-ENIT\Bmp files\ae69_031.bmp,,, 
ae69_032,D:\HTR\Dataset\IFN-ENIT\Bmp files\ae69_032.bmp,,, 
ae69_033,D:\HTR\Dataset\IFN-ENIT\Bmp files\ae69_033.bmp,,, 
ae69_034,D:\HTR\Dataset\IFN-ENIT\Bmp files\ae69_034.bmp,,, 
ae69_035,D:\HTR\Dataset\IFN-ENIT\Bmp files\ae69_035.bmp,,, 
ae69_036,D:\HTR\Dataset\IFN-ENIT\Bmp files\ae69_036.bmp,,, 
ae69_037,D:\HTR\Dataset\IFN-ENIT\Bmp files\ae69_037.bmp,,, 
ae69_038,D:\HTR\Dataset\IFN-ENIT\Bmp files\ae69_038.bmp,,, 
ae69_039,D:\HTR\Dataset\IFN-ENIT\Bmp files\ae69_039.bmp,,, 
ae69_040,D:\HTR\Dataset\IFN-ENIT\Bmp files\ae69_040.bmp,,, 
ae69_041,D:\HTR\Dataset\IFN-ENIT\Bmp files\ae69_041.bmp,,, 
ae69_042,D:\HTR\Dataset\IFN-ENIT\Bmp files\ae69_042.bmp,,, 
ae69_043,D:\HTR\Dataset\IFN-ENIT\Bmp files\ae69_043.bmp,,, 
ae69_044,D:\HTR\Dataset\IFN-ENIT\Bmp files\ae69_044.bmp,,, 
ae69_045,D:\HTR\Dataset\IFN-ENIT\Bmp files\ae69_045.bmp,,, 
ae69_046,D:\HTR\Dataset\IFN-ENIT\Bmp files\ae69_046.bmp,,, 
ae69_047,D:\HTR\Dataset\IFN-ENIT\Bmp files\ae69_047.bmp,,, 
ae69_048,D:\HTR\Dataset\IFN-ENIT\Bmp files\ae69_048.bmp,,, 
ae70_001,D:\HTR\Dataset\IFN-ENIT\Bmp files\ae70_001.bmp,,, 
ae70_002,D:\HTR\Dataset\IFN-ENIT\Bmp files\ae70_002.bmp,,, 
ae70_003,D:\HTR\Dataset\IFN-ENIT\Bmp files\ae70_003.bmp,,, 
ae70_004,D:\HTR\Dataset\IFN-ENIT\Bmp files\ae70_004.bmp,,, 
ae70_005,D:\HTR\Dataset\IFN-ENIT\Bmp files\ae70_005.bmp,,, 
ae70_006,D:\HTR\Dataset\IFN-ENIT\Bmp files\ae70_006.bmp,,, 
ae70_007,D:\HTR\Dataset\IFN-ENIT\Bmp files\ae70_007.bmp,,, 
ae70_008,D:\HTR\Dataset\IFN-ENIT\Bmp files\ae70_008.bmp,,, 
ae70_009,D:\HTR\Dataset\IFN-ENIT\Bmp files\ae70_009.bmp,,, 
ae70_010,D:\HTR\Dataset\IFN-ENIT\Bmp files\ae70_010.bmp,,, 
ae70_011,D:\HTR\Dataset\IFN-ENIT\Bmp files\ae70_011.bmp,,, 
ae70_012,D:\HTR\Dataset\IFN-ENIT\Bmp files\ae70_012.bmp,,, 
ae70_013,D:\HTR\Dataset\IFN-ENIT\Bmp files\ae70_013.bmp,,, 
ae70_014,D:\HTR\Dataset\IFN-ENIT\Bmp files\ae70_014.bmp,,, 
ae70_015,D:\HTR\Dataset\IFN-ENIT\Bmp files\ae70_015.bmp,,, 
ae70_016,D:\HTR\Dataset\IFN-ENIT\Bmp files\ae70_016.bmp,,, 
ae70_017,D:\HTR\Dataset\IFN-ENIT\Bmp files\ae70_017.bmp,,, 
ae70_018,D:\HTR\Dataset\IFN-ENIT\Bmp files\ae70_018.bmp,,, 
ae70_019,D:\HTR\Dataset\IFN-ENIT\Bmp files\ae70_019.bmp,,, 
ae70_020,D:\HTR\Dataset\IFN-ENIT\Bmp files\ae70_020.bmp,,, 
ae70_021,D:\HTR\Dataset\IFN-ENIT\Bmp files\ae70_021.bmp,,, 
ae70_022,D:\HTR\Dataset\IFN-ENIT\Bmp files\ae70_022.bmp,,, 
ae70_023,D:\HTR\Dataset\IFN-ENIT\Bmp files\ae70_023.bmp,,, 
ae70_024,D:\HTR\Dataset\IFN-ENIT\Bmp files\ae70_024.bmp,,, 
ae70_025,D:\HTR\Dataset\IFN-ENIT\Bmp files\ae70_025.bmp,,, 
ae70_026,D:\HTR\Dataset\IFN-ENIT\Bmp files\ae70_026.bmp,,, 
ae70_027,D:\HTR\Dataset\IFN-ENIT\Bmp files\ae70_027.bmp,,, 
ae70_028,D:\HTR\Dataset\IFN-ENIT\Bmp files\ae70_028.bmp,,, 
ae70_029,D:\HTR\Dataset\IFN-ENIT\Bmp files\ae70_029.bmp,,, 
ae70_030,D:\HTR\Dataset\IFN-ENIT\Bmp files\ae70_030.bmp,,, 
ae70_031,D:\HTR\Dataset\IFN-ENIT\Bmp files\ae70_031.bmp,,, 
ae70_032,D:\HTR\Dataset\IFN-ENIT\Bmp files\ae70_032.bmp,,, 
ae70_033,D:\HTR\Dataset\IFN-ENIT\Bmp files\ae70_033.bmp,,, 
ae70_034,D:\HTR\Dataset\IFN-ENIT\Bmp files\ae70_034.bmp,,, 
ae70_035,D:\HTR\Dataset\IFN-ENIT\Bmp files\ae70_035.bmp,,, 
ae70_036,D:\HTR\Dataset\IFN-ENIT\Bmp files\ae70_036.bmp,,, 
ae70_037,D:\HTR\Dataset\IFN-ENIT\Bmp files\ae70_037.bmp,,, 
ae70_038,D:\HTR\Dataset\IFN-ENIT\Bmp files\ae70_038.bmp,,, 
ae70_039,D:\HTR\Dataset\IFN-ENIT\Bmp files\ae70_039.bmp,,, 
ae70_040,D:\HTR\Dataset\IFN-ENIT\Bmp files\ae70_040.bmp,,, 
ae70_041,D:\HTR\Dataset\IFN-ENIT\Bmp files\ae70_041.bmp,,, 
ae70_042,D:\HTR\Dataset\IFN-ENIT\Bmp files\ae70_042.bmp,,, 
ae70_043,D:\HTR\Dataset\IFN-ENIT\Bmp files\ae70_043.bmp,,, 
ae70_044,D:\HTR\Dataset\IFN-ENIT\Bmp files\ae70_044.bmp,,, 
ae70_045,D:\HTR\Dataset\IFN-ENIT\Bmp files\ae70_045.bmp,,, 
ae70_046,D:\HTR\Dataset\IFN-ENIT\Bmp files\ae70_046.bmp,,, 
ae70_047,D:\HTR\Dataset\IFN-ENIT\Bmp files\ae70_047.bmp,,, 
ae70_048,D:\HTR\Dataset\IFN-ENIT\Bmp files\ae70_048.bmp,,, 
ae70_049,D:\HTR\Dataset\IFN-ENIT\Bmp files\ae70_049.bmp,,, 
ae70_050,D:\HTR\Dataset\IFN-ENIT\Bmp files\ae70_050.bmp,,, 
ae70_051,D:\HTR\Dataset\IFN-ENIT\Bmp files\ae70_051.bmp,,, 
ae70_052,D:\HTR\Dataset\IFN-ENIT\Bmp files\ae70_052.bmp,,, 
ae70_053,D:\HTR\Dataset\IFN-ENIT\Bmp files\ae70_053.bmp,,, 
ae70_054,D:\HTR\Dataset\IFN-ENIT\Bmp files\ae70_054.bmp,,, 
ae70_055,D:\HTR\Dataset\IFN-ENIT\Bmp files\ae70_055.bmp,,, 
ae70_056,D:\HTR\Dataset\IFN-ENIT\Bmp files\ae70_056.bmp,,, 
ae70_057,D:\HTR\Dataset\IFN-ENIT\Bmp files\ae70_057.bmp,,, 
ae70_058,D:\HTR\Dataset\IFN-ENIT\Bmp files\ae70_058.bmp,,, 
ae70_059,D:\HTR\Dataset\IFN-ENIT\Bmp files\ae70_059.bmp,,, 
ae70_060,D:\HTR\Dataset\IFN-ENIT\Bmp files\ae70_060.bmp,,, 
ae77_001,D:\HTR\Dataset\IFN-ENIT\Bmp files\ae77_001.bmp,,, 
ae77_002,D:\HTR\Dataset\IFN-ENIT\Bmp files\ae77_002.bmp,,, 
ae77_003,D:\HTR\Dataset\IFN-ENIT\Bmp files\ae77_003.bmp,,, 
ae77_004,D:\HTR\Dataset\IFN-ENIT\Bmp files\ae77_004.bmp,,, 
ae77_005,D:\HTR\Dataset\IFN-ENIT\Bmp files\ae77_005.bmp,,, 
ae77_006,D:\HTR\Dataset\IFN-ENIT\Bmp files\ae77_006.bmp,,, 
ae77_007,D:\HTR\Dataset\IFN-ENIT\Bmp files\ae77_007.bmp,,, 
ae77_008,D:\HTR\Dataset\IFN-ENIT\Bmp files\ae77_008.bmp,,, 
ae77_009,D:\HTR\Dataset\IFN-ENIT\Bmp files\ae77_009.bmp,,, 
ae77_010,D:\HTR\Dataset\IFN-ENIT\Bmp files\ae77_010.bmp,,, 
ae77_011,D:\HTR\Dataset\IFN-ENIT\Bmp files\ae77_011.bmp,,, 
ae77_012,D:\HTR\Dataset\IFN-ENIT\Bmp files\ae77_012.bmp,,, 
ae77_013,D:\HTR\Dataset\IFN-ENIT\Bmp files\ae77_013.bmp,,, 
ae77_014,D:\HTR\Dataset\IFN-ENIT\Bmp files\ae77_014.bmp,,, 
ae77_015,D:\HTR\Dataset\IFN-ENIT\Bmp files\ae77_015.bmp,,, 
ae77_016,D:\HTR\Dataset\IFN-ENIT\Bmp files\ae77_016.bmp,,, 
ae77_017,D:\HTR\Dataset\IFN-ENIT\Bmp files\ae77_017.bmp,,, 
ae77_018,D:\HTR\Dataset\IFN-ENIT\Bmp files\ae77_018.bmp,,, 
ae77_019,D:\HTR\Dataset\IFN-ENIT\Bmp files\ae77_019.bmp,,, 
ae77_020,D:\HTR\Dataset\IFN-ENIT\Bmp files\ae77_020.bmp,,, 
ae77_021,D:\HTR\Dataset\IFN-ENIT\Bmp files\ae77_021.bmp,,, 
ae77_022,D:\HTR\Dataset\IFN-ENIT\Bmp files\ae77_022.bmp,,, 
ae77_023,D:\HTR\Dataset\IFN-ENIT\Bmp files\ae77_023.bmp,,, 
ae77_024,D:\HTR\Dataset\IFN-ENIT\Bmp files\ae77_024.bmp,,, 
ae77_025,D:\HTR\Dataset\IFN-ENIT\Bmp files\ae77_025.bmp,,, 
ae77_026,D:\HTR\Dataset\IFN-ENIT\Bmp files\ae77_026.bmp,,, 
ae77_027,D:\HTR\Dataset\IFN-ENIT\Bmp files\ae77_027.bmp,,, 
ae77_028,D:\HTR\Dataset\IFN-ENIT\Bmp files\ae77_028.bmp,,, 
ae77_029,D:\HTR\Dataset\IFN-ENIT\Bmp files\ae77_029.bmp,,, 
ae77_030,D:\HTR\Dataset\IFN-ENIT\Bmp files\ae77_030.bmp,,, 
ae77_031,D:\HTR\Dataset\IFN-ENIT\Bmp files\ae77_031.bmp,,, 
ae77_032,D:\HTR\Dataset\IFN-ENIT\Bmp files\ae77_032.bmp,,, 
ae77_033,D:\HTR\Dataset\IFN-ENIT\Bmp files\ae77_033.bmp,,, 
ae77_034,D:\HTR\Dataset\IFN-ENIT\Bmp files\ae77_034.bmp,,, 
ae77_035,D:\HTR\Dataset\IFN-ENIT\Bmp files\ae77_035.bmp,,, 
ae77_036,D:\HTR\Dataset\IFN-ENIT\Bmp files\ae77_036.bmp,,, 
ae77_037,D:\HTR\Dataset\IFN-ENIT\Bmp files\ae77_037.bmp,,, 
ae77_038,D:\HTR\Dataset\IFN-ENIT\Bmp files\ae77_038.bmp,,, 
ae77_039,D:\HTR\Dataset\IFN-ENIT\Bmp files\ae77_039.bmp,,, 
ae77_040,D:\HTR\Dataset\IFN-ENIT\Bmp files\ae77_040.bmp,,, 
ae77_041,D:\HTR\Dataset\IFN-ENIT\Bmp files\ae77_041.bmp,,, 
ae77_042,D:\HTR\Dataset\IFN-ENIT\Bmp files\ae77_042.bmp,,, 
ae77_043,D:\HTR\Dataset\IFN-ENIT\Bmp files\ae77_043.bmp,,, 
ae77_044,D:\HTR\Dataset\IFN-ENIT\Bmp files\ae77_044.bmp,,, 
ae77_045,D:\HTR\Dataset\IFN-ENIT\Bmp files\ae77_045.bmp,,, 
ae77_046,D:\HTR\Dataset\IFN-ENIT\Bmp files\ae77_046.bmp,,, 
ae77_047,D:\HTR\Dataset\IFN-ENIT\Bmp files\ae77_047.bmp,,, 
ae77_048,D:\HTR\Dataset\IFN-ENIT\Bmp files\ae77_048.bmp,,, 
ae77_049,D:\HTR\Dataset\IFN-ENIT\Bmp files\ae77_049.bmp,,, 
ae77_050,D:\HTR\Dataset\IFN-ENIT\Bmp files\ae77_050.bmp,,, 
ae77_051,D:\HTR\Dataset\IFN-ENIT\Bmp files\ae77_051.bmp,,, 
ae77_052,D:\HTR\Dataset\IFN-ENIT\Bmp files\ae77_052.bmp,,, 
ae77_053,D:\HTR\Dataset\IFN-ENIT\Bmp files\ae77_053.bmp,,, 
ae77_054,D:\HTR\Dataset\IFN-ENIT\Bmp files\ae77_054.bmp,,, 
ae77_055,D:\HTR\Dataset\IFN-ENIT\Bmp files\ae77_055.bmp,,, 
ae78_001,D:\HTR\Dataset\IFN-ENIT\Bmp files\ae78_001.bmp,,, 
ae78_002,D:\HTR\Dataset\IFN-ENIT\Bmp files\ae78_002.bmp,,, 
ae78_003,D:\HTR\Dataset\IFN-ENIT\Bmp files\ae78_003.bmp,,, 
ae78_004,D:\HTR\Dataset\IFN-ENIT\Bmp files\ae78_004.bmp,,, 
ae78_005,D:\HTR\Dataset\IFN-ENIT\Bmp files\ae78_005.bmp,,, 
ae78_006,D:\HTR\Dataset\IFN-ENIT\Bmp files\ae78_006.bmp,,, 
ae78_007,D:\HTR\Dataset\IFN-ENIT\Bmp files\ae78_007.bmp,,, 
ae78_008,D:\HTR\Dataset\IFN-ENIT\Bmp files\ae78_008.bmp,,, 
ae78_009,D:\HTR\Dataset\IFN-ENIT\Bmp files\ae78_009.bmp,,, 
ae78_010,D:\HTR\Dataset\IFN-ENIT\Bmp files\ae78_010.bmp,,, 
ae78_011,D:\HTR\Dataset\IFN-ENIT\Bmp files\ae78_011.bmp,,, 
ae78_012,D:\HTR\Dataset\IFN-ENIT\Bmp files\ae78_012.bmp,,, 
ae78_013,D:\HTR\Dataset\IFN-ENIT\Bmp files\ae78_013.bmp,,, 
ae78_014,D:\HTR\Dataset\IFN-ENIT\Bmp files\ae78_014.bmp,,, 
ae78_015,D:\HTR\Dataset\IFN-ENIT\Bmp files\ae78_015.bmp,,, 
ae78_016,D:\HTR\Dataset\IFN-ENIT\Bmp files\ae78_016.bmp,,, 
ae78_017,D:\HTR\Dataset\IFN-ENIT\Bmp files\ae78_017.bmp,,, 
ae78_018,D:\HTR\Dataset\IFN-ENIT\Bmp files\ae78_018.bmp,,, 
ae78_019,D:\HTR\Dataset\IFN-ENIT\Bmp files\ae78_019.bmp,,, 
ae78_020,D:\HTR\Dataset\IFN-ENIT\Bmp files\ae78_020.bmp,,, 
ae78_021,D:\HTR\Dataset\IFN-ENIT\Bmp files\ae78_021.bmp,,, 
ae78_022,D:\HTR\Dataset\IFN-ENIT\Bmp files\ae78_022.bmp,,, 
ae78_023,D:\HTR\Dataset\IFN-ENIT\Bmp files\ae78_023.bmp,,, 
ae78_024,D:\HTR\Dataset\IFN-ENIT\Bmp files\ae78_024.bmp,,, 
ae78_025,D:\HTR\Dataset\IFN-ENIT\Bmp files\ae78_025.bmp,,, 
ae78_026,D:\HTR\Dataset\IFN-ENIT\Bmp files\ae78_026.bmp,,, 
ae78_027,D:\HTR\Dataset\IFN-ENIT\Bmp files\ae78_027.bmp,,, 
ae78_028,D:\HTR\Dataset\IFN-ENIT\Bmp files\ae78_028.bmp,,, 
ae78_029,D:\HTR\Dataset\IFN-ENIT\Bmp files\ae78_029.bmp,,, 
ae78_030,D:\HTR\Dataset\IFN-ENIT\Bmp files\ae78_030.bmp,,, 
ae78_031,D:\HTR\Dataset\IFN-ENIT\Bmp files\ae78_031.bmp,,, 
ae78_032,D:\HTR\Dataset\IFN-ENIT\Bmp files\ae78_032.bmp,,, 
ae78_033,D:\HTR\Dataset\IFN-ENIT\Bmp files\ae78_033.bmp,,, 
ae78_034,D:\HTR\Dataset\IFN-ENIT\Bmp files\ae78_034.bmp,,, 
ae78_035,D:\HTR\Dataset\IFN-ENIT\Bmp files\ae78_035.bmp,,, 
ae78_036,D:\HTR\Dataset\IFN-ENIT\Bmp files\ae78_036.bmp,,, 
ae78_037,D:\HTR\Dataset\IFN-ENIT\Bmp files\ae78_037.bmp,,, 
ae78_038,D:\HTR\Dataset\IFN-ENIT\Bmp files\ae78_038.bmp,,, 
ae78_039,D:\HTR\Dataset\IFN-ENIT\Bmp files\ae78_039.bmp,,, 
ae78_040,D:\HTR\Dataset\IFN-ENIT\Bmp files\ae78_040.bmp,,, 
ae78_041,D:\HTR\Dataset\IFN-ENIT\Bmp files\ae78_041.bmp,,, 
ae78_042,D:\HTR\Dataset\IFN-ENIT\Bmp files\ae78_042.bmp,,, 
ae78_043,D:\HTR\Dataset\IFN-ENIT\Bmp files\ae78_043.bmp,,, 
ae78_044,D:\HTR\Dataset\IFN-ENIT\Bmp files\ae78_044.bmp,,, 
ae78_045,D:\HTR\Dataset\IFN-ENIT\Bmp files\ae78_045.bmp,,, 
ae78_046,D:\HTR\Dataset\IFN-ENIT\Bmp files\ae78_046.bmp,,, 
ae78_047,D:\HTR\Dataset\IFN-ENIT\Bmp files\ae78_047.bmp,,, 
ae78_048,D:\HTR\Dataset\IFN-ENIT\Bmp files\ae78_048.bmp,,, 
ae78_049,D:\HTR\Dataset\IFN-ENIT\Bmp files\ae78_049.bmp,,, 
ae78_050,D:\HTR\Dataset\IFN-ENIT\Bmp files\ae78_050.bmp,,, 
ae78_051,D:\HTR\Dataset\IFN-ENIT\Bmp files\ae78_051.bmp,,, 
ae78_052,D:\HTR\Dataset\IFN-ENIT\Bmp files\ae78_052.bmp,,, 
ae78_053,D:\HTR\Dataset\IFN-ENIT\Bmp files\ae78_053.bmp,,, 
ae78_054,D:\HTR\Dataset\IFN-ENIT\Bmp files\ae78_054.bmp,,, 
ae78_055,D:\HTR\Dataset\IFN-ENIT\Bmp files\ae78_055.bmp,,, 
ae78_056,D:\HTR\Dataset\IFN-ENIT\Bmp files\ae78_056.bmp,,, 
ae78_057,D:\HTR\Dataset\IFN-ENIT\Bmp files\ae78_057.bmp,,, 
ae78_058,D:\HTR\Dataset\IFN-ENIT\Bmp files\ae78_058.bmp,,, 
ae78_059,D:\HTR\Dataset\IFN-ENIT\Bmp files\ae78_059.bmp,,, 
ae78_060,D:\HTR\Dataset\IFN-ENIT\Bmp files\ae78_060.bmp,,, 
ae87_001,D:\HTR\Dataset\IFN-ENIT\Bmp files\ae87_001.bmp,,, 
ae87_002,D:\HTR\Dataset\IFN-ENIT\Bmp files\ae87_002.bmp,,, 
ae87_003,D:\HTR\Dataset\IFN-ENIT\Bmp files\ae87_003.bmp,,, 
ae87_004,D:\HTR\Dataset\IFN-ENIT\Bmp files\ae87_004.bmp,,, 
ae87_005,D:\HTR\Dataset\IFN-ENIT\Bmp files\ae87_005.bmp,,, 
ae87_006,D:\HTR\Dataset\IFN-ENIT\Bmp files\ae87_006.bmp,,, 
ae87_007,D:\HTR\Dataset\IFN-ENIT\Bmp files\ae87_007.bmp,,, 
ae87_008,D:\HTR\Dataset\IFN-ENIT\Bmp files\ae87_008.bmp,,, 
ae87_009,D:\HTR\Dataset\IFN-ENIT\Bmp files\ae87_009.bmp,,, 
ae87_010,D:\HTR\Dataset\IFN-ENIT\Bmp files\ae87_010.bmp,,, 
ae87_011,D:\HTR\Dataset\IFN-ENIT\Bmp files\ae87_011.bmp,,, 
ae87_012,D:\HTR\Dataset\IFN-ENIT\Bmp files\ae87_012.bmp,,, 
ae87_013,D:\HTR\Dataset\IFN-ENIT\Bmp files\ae87_013.bmp,,, 
ae87_014,D:\HTR\Dataset\IFN-ENIT\Bmp files\ae87_014.bmp,,, 
ae87_015,D:\HTR\Dataset\IFN-ENIT\Bmp files\ae87_015.bmp,,, 
ae87_016,D:\HTR\Dataset\IFN-ENIT\Bmp files\ae87_016.bmp,,, 
ae87_017,D:\HTR\Dataset\IFN-ENIT\Bmp files\ae87_017.bmp,,, 
ae87_018,D:\HTR\Dataset\IFN-ENIT\Bmp files\ae87_018.bmp,,, 
ae87_019,D:\HTR\Dataset\IFN-ENIT\Bmp files\ae87_019.bmp,,, 
ae87_020,D:\HTR\Dataset\IFN-ENIT\Bmp files\ae87_020.bmp,,, 
ae87_021,D:\HTR\Dataset\IFN-ENIT\Bmp files\ae87_021.bmp,,, 
ae87_022,D:\HTR\Dataset\IFN-ENIT\Bmp files\ae87_022.bmp,,, 
ae87_023,D:\HTR\Dataset\IFN-ENIT\Bmp files\ae87_023.bmp,,, 
ae87_024,D:\HTR\Dataset\IFN-ENIT\Bmp files\ae87_024.bmp,,, 
ae87_025,D:\HTR\Dataset\IFN-ENIT\Bmp files\ae87_025.bmp,,, 
ae87_026,D:\HTR\Dataset\IFN-ENIT\Bmp files\ae87_026.bmp,,, 
ae87_027,D:\HTR\Dataset\IFN-ENIT\Bmp files\ae87_027.bmp,,, 
ae87_028,D:\HTR\Dataset\IFN-ENIT\Bmp files\ae87_028.bmp,,, 
ae87_029,D:\HTR\Dataset\IFN-ENIT\Bmp files\ae87_029.bmp,,, 
ae87_030,D:\HTR\Dataset\IFN-ENIT\Bmp files\ae87_030.bmp,,, 
ae87_031,D:\HTR\Dataset\IFN-ENIT\Bmp files\ae87_031.bmp,,, 
ae87_032,D:\HTR\Dataset\IFN-ENIT\Bmp files\ae87_032.bmp,,, 
ae87_033,D:\HTR\Dataset\IFN-ENIT\Bmp files\ae87_033.bmp,,, 
ae87_034,D:\HTR\Dataset\IFN-ENIT\Bmp files\ae87_034.bmp,,, 
ae87_035,D:\HTR\Dataset\IFN-ENIT\Bmp files\ae87_035.bmp,,, 
ae87_036,D:\HTR\Dataset\IFN-ENIT\Bmp files\ae87_036.bmp,,, 
ae87_037,D:\HTR\Dataset\IFN-ENIT\Bmp files\ae87_037.bmp,,, 
ae87_038,D:\HTR\Dataset\IFN-ENIT\Bmp files\ae87_038.bmp,,, 
ae87_039,D:\HTR\Dataset\IFN-ENIT\Bmp files\ae87_039.bmp,,, 
ae87_040,D:\HTR\Dataset\IFN-ENIT\Bmp files\ae87_040.bmp,,, 
ae87_041,D:\HTR\Dataset\IFN-ENIT\Bmp files\ae87_041.bmp,,, 
ae87_042,D:\HTR\Dataset\IFN-ENIT\Bmp files\ae87_042.bmp,,, 
ae87_043,D:\HTR\Dataset\IFN-ENIT\Bmp files\ae87_043.bmp,,, 
ae87_044,D:\HTR\Dataset\IFN-ENIT\Bmp files\ae87_044.bmp,,, 
ae87_045,D:\HTR\Dataset\IFN-ENIT\Bmp files\ae87_045.bmp,,, 
ae87_046,D:\HTR\Dataset\IFN-ENIT\Bmp files\ae87_046.bmp,,, 
ae87_047,D:\HTR\Dataset\IFN-ENIT\Bmp files\ae87_047.bmp,,, 
ae87_048,D:\HTR\Dataset\IFN-ENIT\Bmp files\ae87_048.bmp,,, 
ae87_049,D:\HTR\Dataset\IFN-ENIT\Bmp files\ae87_049.bmp,,, 
ae87_050,D:\HTR\Dataset\IFN-ENIT\Bmp files\ae87_050.bmp,,, 
ae87_051,D:\HTR\Dataset\IFN-ENIT\Bmp files\ae87_051.bmp,,, 
ae87_052,D:\HTR\Dataset\IFN-ENIT\Bmp files\ae87_052.bmp,,, 
ae87_053,D:\HTR\Dataset\IFN-ENIT\Bmp files\ae87_053.bmp,,, 
ae87_054,D:\HTR\Dataset\IFN-ENIT\Bmp files\ae87_054.bmp,,, 
ae87_055,D:\HTR\Dataset\IFN-ENIT\Bmp files\ae87_055.bmp,,, 
ae87_056,D:\HTR\Dataset\IFN-ENIT\Bmp files\ae87_056.bmp,,, 
ae87_057,D:\HTR\Dataset\IFN-ENIT\Bmp files\ae87_057.bmp,,, 
ae87_058,D:\HTR\Dataset\IFN-ENIT\Bmp files\ae87_058.bmp,,, 
ae88_001,D:\HTR\Dataset\IFN-ENIT\Bmp files\ae88_001.bmp,,, 
ae88_002,D:\HTR\Dataset\IFN-ENIT\Bmp files\ae88_002.bmp,,, 
ae88_003,D:\HTR\Dataset\IFN-ENIT\Bmp files\ae88_003.bmp,,, 
ae88_004,D:\HTR\Dataset\IFN-ENIT\Bmp files\ae88_004.bmp,,, 
ae88_005,D:\HTR\Dataset\IFN-ENIT\Bmp files\ae88_005.bmp,,, 
ae88_006,D:\HTR\Dataset\IFN-ENIT\Bmp files\ae88_006.bmp,,, 
ae88_007,D:\HTR\Dataset\IFN-ENIT\Bmp files\ae88_007.bmp,,, 
ae88_008,D:\HTR\Dataset\IFN-ENIT\Bmp files\ae88_008.bmp,,, 
ae88_009,D:\HTR\Dataset\IFN-ENIT\Bmp files\ae88_009.bmp,,, 
ae88_010,D:\HTR\Dataset\IFN-ENIT\Bmp files\ae88_010.bmp,,, 
ae88_011,D:\HTR\Dataset\IFN-ENIT\Bmp files\ae88_011.bmp,,, 
ae88_012,D:\HTR\Dataset\IFN-ENIT\Bmp files\ae88_012.bmp,,, 
ae88_013,D:\HTR\Dataset\IFN-ENIT\Bmp files\ae88_013.bmp,,, 
ae88_014,D:\HTR\Dataset\IFN-ENIT\Bmp files\ae88_014.bmp,,, 
ae88_015,D:\HTR\Dataset\IFN-ENIT\Bmp files\ae88_015.bmp,,, 
ae88_016,D:\HTR\Dataset\IFN-ENIT\Bmp files\ae88_016.bmp,,, 
ae88_017,D:\HTR\Dataset\IFN-ENIT\Bmp files\ae88_017.bmp,,, 
ae88_018,D:\HTR\Dataset\IFN-ENIT\Bmp files\ae88_018.bmp,,, 
ae88_019,D:\HTR\Dataset\IFN-ENIT\Bmp files\ae88_019.bmp,,, 
ae88_020,D:\HTR\Dataset\IFN-ENIT\Bmp files\ae88_020.bmp,,, 
ae88_021,D:\HTR\Dataset\IFN-ENIT\Bmp files\ae88_021.bmp,,, 
ae88_022,D:\HTR\Dataset\IFN-ENIT\Bmp files\ae88_022.bmp,,, 
ae88_023,D:\HTR\Dataset\IFN-ENIT\Bmp files\ae88_023.bmp,,, 
ae88_024,D:\HTR\Dataset\IFN-ENIT\Bmp files\ae88_024.bmp,,, 
ae88_025,D:\HTR\Dataset\IFN-ENIT\Bmp files\ae88_025.bmp,,, 
ae88_026,D:\HTR\Dataset\IFN-ENIT\Bmp files\ae88_026.bmp,,, 
ae88_027,D:\HTR\Dataset\IFN-ENIT\Bmp files\ae88_027.bmp,,, 
ae88_028,D:\HTR\Dataset\IFN-ENIT\Bmp files\ae88_028.bmp,,, 
ae88_029,D:\HTR\Dataset\IFN-ENIT\Bmp files\ae88_029.bmp,,, 
ae88_030,D:\HTR\Dataset\IFN-ENIT\Bmp files\ae88_030.bmp,,, 
ae88_031,D:\HTR\Dataset\IFN-ENIT\Bmp files\ae88_031.bmp,,, 
ae88_032,D:\HTR\Dataset\IFN-ENIT\Bmp files\ae88_032.bmp,,, 
ae88_033,D:\HTR\Dataset\IFN-ENIT\Bmp files\ae88_033.bmp,,, 
ae88_034,D:\HTR\Dataset\IFN-ENIT\Bmp files\ae88_034.bmp,,, 
ae88_035,D:\HTR\Dataset\IFN-ENIT\Bmp files\ae88_035.bmp,,, 
ae88_036,D:\HTR\Dataset\IFN-ENIT\Bmp files\ae88_036.bmp,,, 
ae88_037,D:\HTR\Dataset\IFN-ENIT\Bmp files\ae88_037.bmp,,, 
ae88_038,D:\HTR\Dataset\IFN-ENIT\Bmp files\ae88_038.bmp,,, 
ae88_039,D:\HTR\Dataset\IFN-ENIT\Bmp files\ae88_039.bmp,,, 
ae88_040,D:\HTR\Dataset\IFN-ENIT\Bmp files\ae88_040.bmp,,, 
ae88_041,D:\HTR\Dataset\IFN-ENIT\Bmp files\ae88_041.bmp,,, 
ae88_042,D:\HTR\Dataset\IFN-ENIT\Bmp files\ae88_042.bmp,,, 
ae88_043,D:\HTR\Dataset\IFN-ENIT\Bmp files\ae88_043.bmp,,, 
ae88_044,D:\HTR\Dataset\IFN-ENIT\Bmp files\ae88_044.bmp,,, 
ae88_045,D:\HTR\Dataset\IFN-ENIT\Bmp files\ae88_045.bmp,,, 
ae88_046,D:\HTR\Dataset\IFN-ENIT\Bmp files\ae88_046.bmp,,, 
ae88_047,D:\HTR\Dataset\IFN-ENIT\Bmp files\ae88_047.bmp,,, 
ae88_048,D:\HTR\Dataset\IFN-ENIT\Bmp files\ae88_048.bmp,,, 
ae88_049,D:\HTR\Dataset\IFN-ENIT\Bmp files\ae88_049.bmp,,, 
ae88_050,D:\HTR\Dataset\IFN-ENIT\Bmp files\ae88_050.bmp,,, 
ae88_051,D:\HTR\Dataset\IFN-ENIT\Bmp files\ae88_051.bmp,,, 
ae88_052,D:\HTR\Dataset\IFN-ENIT\Bmp files\ae88_052.bmp,,, 
ae88_053,D:\HTR\Dataset\IFN-ENIT\Bmp files\ae88_053.bmp,,, 
ae88_054,D:\HTR\Dataset\IFN-ENIT\Bmp files\ae88_054.bmp,,, 
ae88_055,D:\HTR\Dataset\IFN-ENIT\Bmp files\ae88_055.bmp,,, 
ae88_056,D:\HTR\Dataset\IFN-ENIT\Bmp files\ae88_056.bmp,,, 
ae88_057,D:\HTR\Dataset\IFN-ENIT\Bmp files\ae88_057.bmp,,, 
ae89_001,D:\HTR\Dataset\IFN-ENIT\Bmp files\ae89_001.bmp,,, 
ae89_002,D:\HTR\Dataset\IFN-ENIT\Bmp files\ae89_002.bmp,,, 
ae89_003,D:\HTR\Dataset\IFN-ENIT\Bmp files\ae89_003.bmp,,, 
ae89_004,D:\HTR\Dataset\IFN-ENIT\Bmp files\ae89_004.bmp,,, 
ae89_005,D:\HTR\Dataset\IFN-ENIT\Bmp files\ae89_005.bmp,,, 
ae89_006,D:\HTR\Dataset\IFN-ENIT\Bmp files\ae89_006.bmp,,, 
ae89_007,D:\HTR\Dataset\IFN-ENIT\Bmp files\ae89_007.bmp,,, 
ae89_008,D:\HTR\Dataset\IFN-ENIT\Bmp files\ae89_008.bmp,,, 
ae89_009,D:\HTR\Dataset\IFN-ENIT\Bmp files\ae89_009.bmp,,, 
ae89_010,D:\HTR\Dataset\IFN-ENIT\Bmp files\ae89_010.bmp,,, 
ae89_011,D:\HTR\Dataset\IFN-ENIT\Bmp files\ae89_011.bmp,,, 
ae89_012,D:\HTR\Dataset\IFN-ENIT\Bmp files\ae89_012.bmp,,, 
ae89_013,D:\HTR\Dataset\IFN-ENIT\Bmp files\ae89_013.bmp,,, 
ae89_014,D:\HTR\Dataset\IFN-ENIT\Bmp files\ae89_014.bmp,,, 
ae89_015,D:\HTR\Dataset\IFN-ENIT\Bmp files\ae89_015.bmp,,, 
ae89_016,D:\HTR\Dataset\IFN-ENIT\Bmp files\ae89_016.bmp,,, 
ae89_017,D:\HTR\Dataset\IFN-ENIT\Bmp files\ae89_017.bmp,,, 
ae89_018,D:\HTR\Dataset\IFN-ENIT\Bmp files\ae89_018.bmp,,, 
ae89_019,D:\HTR\Dataset\IFN-ENIT\Bmp files\ae89_019.bmp,,, 
ae89_020,D:\HTR\Dataset\IFN-ENIT\Bmp files\ae89_020.bmp,,, 
ae89_021,D:\HTR\Dataset\IFN-ENIT\Bmp files\ae89_021.bmp,,, 
ae89_022,D:\HTR\Dataset\IFN-ENIT\Bmp files\ae89_022.bmp,,, 
ae89_023,D:\HTR\Dataset\IFN-ENIT\Bmp files\ae89_023.bmp,,, 
ae89_024,D:\HTR\Dataset\IFN-ENIT\Bmp files\ae89_024.bmp,,, 
ae89_025,D:\HTR\Dataset\IFN-ENIT\Bmp files\ae89_025.bmp,,, 
ae89_026,D:\HTR\Dataset\IFN-ENIT\Bmp files\ae89_026.bmp,,, 
ae89_027,D:\HTR\Dataset\IFN-ENIT\Bmp files\ae89_027.bmp,,, 
ae89_028,D:\HTR\Dataset\IFN-ENIT\Bmp files\ae89_028.bmp,,, 
ae89_029,D:\HTR\Dataset\IFN-ENIT\Bmp files\ae89_029.bmp,,, 
ae89_030,D:\HTR\Dataset\IFN-ENIT\Bmp files\ae89_030.bmp,,, 
ae89_031,D:\HTR\Dataset\IFN-ENIT\Bmp files\ae89_031.bmp,,, 
ae89_032,D:\HTR\Dataset\IFN-ENIT\Bmp files\ae89_032.bmp,,, 
ae89_033,D:\HTR\Dataset\IFN-ENIT\Bmp files\ae89_033.bmp,,, 
ae89_034,D:\HTR\Dataset\IFN-ENIT\Bmp files\ae89_034.bmp,,, 
ae89_035,D:\HTR\Dataset\IFN-ENIT\Bmp files\ae89_035.bmp,,, 
ae89_036,D:\HTR\Dataset\IFN-ENIT\Bmp files\ae89_036.bmp,,, 
ae89_037,D:\HTR\Dataset\IFN-ENIT\Bmp files\ae89_037.bmp,,, 
ae89_038,D:\HTR\Dataset\IFN-ENIT\Bmp files\ae89_038.bmp,,, 
ae89_039,D:\HTR\Dataset\IFN-ENIT\Bmp files\ae89_039.bmp,,, 
ae89_040,D:\HTR\Dataset\IFN-ENIT\Bmp files\ae89_040.bmp,,, 
ae89_041,D:\HTR\Dataset\IFN-ENIT\Bmp files\ae89_041.bmp,,, 
ae89_042,D:\HTR\Dataset\IFN-ENIT\Bmp files\ae89_042.bmp,,, 
ae89_043,D:\HTR\Dataset\IFN-ENIT\Bmp files\ae89_043.bmp,,, 
ae89_044,D:\HTR\Dataset\IFN-ENIT\Bmp files\ae89_044.bmp,,, 
ae89_045,D:\HTR\Dataset\IFN-ENIT\Bmp files\ae89_045.bmp,,, 
ae89_046,D:\HTR\Dataset\IFN-ENIT\Bmp files\ae89_046.bmp,,, 
ae89_047,D:\HTR\Dataset\IFN-ENIT\Bmp files\ae89_047.bmp,,, 
ae89_048,D:\HTR\Dataset\IFN-ENIT\Bmp files\ae89_048.bmp,,, 
ae89_049,D:\HTR\Dataset\IFN-ENIT\Bmp files\ae89_049.bmp,,, 
ae89_050,D:\HTR\Dataset\IFN-ENIT\Bmp files\ae89_050.bmp,,, 
ae89_051,D:\HTR\Dataset\IFN-ENIT\Bmp files\ae89_051.bmp,,, 
ae89_052,D:\HTR\Dataset\IFN-ENIT\Bmp files\ae89_052.bmp,,, 
ae89_053,D:\HTR\Dataset\IFN-ENIT\Bmp files\ae89_053.bmp,,, 
ae89_054,D:\HTR\Dataset\IFN-ENIT\Bmp files\ae89_054.bmp,,, 
ae89_055,D:\HTR\Dataset\IFN-ENIT\Bmp files\ae89_055.bmp,,, 
ae90_001,D:\HTR\Dataset\IFN-ENIT\Bmp files\ae90_001.bmp,,, 
ae90_002,D:\HTR\Dataset\IFN-ENIT\Bmp files\ae90_002.bmp,,, 
ae90_003,D:\HTR\Dataset\IFN-ENIT\Bmp files\ae90_003.bmp,,, 
ae90_004,D:\HTR\Dataset\IFN-ENIT\Bmp files\ae90_004.bmp,,, 
ae90_005,D:\HTR\Dataset\IFN-ENIT\Bmp files\ae90_005.bmp,,, 
ae90_006,D:\HTR\Dataset\IFN-ENIT\Bmp files\ae90_006.bmp,,, 
ae90_007,D:\HTR\Dataset\IFN-ENIT\Bmp files\ae90_007.bmp,,, 
ae90_008,D:\HTR\Dataset\IFN-ENIT\Bmp files\ae90_008.bmp,,, 
ae90_009,D:\HTR\Dataset\IFN-ENIT\Bmp files\ae90_009.bmp,,, 
ae90_010,D:\HTR\Dataset\IFN-ENIT\Bmp files\ae90_010.bmp,,, 
ae90_011,D:\HTR\Dataset\IFN-ENIT\Bmp files\ae90_011.bmp,,, 
ae90_012,D:\HTR\Dataset\IFN-ENIT\Bmp files\ae90_012.bmp,,, 
ae90_013,D:\HTR\Dataset\IFN-ENIT\Bmp files\ae90_013.bmp,,, 
ae90_014,D:\HTR\Dataset\IFN-ENIT\Bmp files\ae90_014.bmp,,, 
ae90_015,D:\HTR\Dataset\IFN-ENIT\Bmp files\ae90_015.bmp,,, 
ae90_016,D:\HTR\Dataset\IFN-ENIT\Bmp files\ae90_016.bmp,,, 
ae90_017,D:\HTR\Dataset\IFN-ENIT\Bmp files\ae90_017.bmp,,, 
ae90_018,D:\HTR\Dataset\IFN-ENIT\Bmp files\ae90_018.bmp,,, 
ae90_019,D:\HTR\Dataset\IFN-ENIT\Bmp files\ae90_019.bmp,,, 
ae90_020,D:\HTR\Dataset\IFN-ENIT\Bmp files\ae90_020.bmp,,, 
ae90_021,D:\HTR\Dataset\IFN-ENIT\Bmp files\ae90_021.bmp,,, 
ae90_022,D:\HTR\Dataset\IFN-ENIT\Bmp files\ae90_022.bmp,,, 
ae90_023,D:\HTR\Dataset\IFN-ENIT\Bmp files\ae90_023.bmp,,, 
ae90_024,D:\HTR\Dataset\IFN-ENIT\Bmp files\ae90_024.bmp,,, 
ae90_025,D:\HTR\Dataset\IFN-ENIT\Bmp files\ae90_025.bmp,,, 
ae90_026,D:\HTR\Dataset\IFN-ENIT\Bmp files\ae90_026.bmp,,, 
ae90_027,D:\HTR\Dataset\IFN-ENIT\Bmp files\ae90_027.bmp,,, 
ae90_028,D:\HTR\Dataset\IFN-ENIT\Bmp files\ae90_028.bmp,,, 
ae90_029,D:\HTR\Dataset\IFN-ENIT\Bmp files\ae90_029.bmp,,, 
ae90_030,D:\HTR\Dataset\IFN-ENIT\Bmp files\ae90_030.bmp,,, 
ae90_031,D:\HTR\Dataset\IFN-ENIT\Bmp files\ae90_031.bmp,,, 
ae90_032,D:\HTR\Dataset\IFN-ENIT\Bmp files\ae90_032.bmp,,, 
ae90_033,D:\HTR\Dataset\IFN-ENIT\Bmp files\ae90_033.bmp,,, 
ae90_034,D:\HTR\Dataset\IFN-ENIT\Bmp files\ae90_034.bmp,,, 
ae90_035,D:\HTR\Dataset\IFN-ENIT\Bmp files\ae90_035.bmp,,, 
ae90_036,D:\HTR\Dataset\IFN-ENIT\Bmp files\ae90_036.bmp,,, 
ae90_037,D:\HTR\Dataset\IFN-ENIT\Bmp files\ae90_037.bmp,,, 
ae90_038,D:\HTR\Dataset\IFN-ENIT\Bmp files\ae90_038.bmp,,, 
ae90_039,D:\HTR\Dataset\IFN-ENIT\Bmp files\ae90_039.bmp,,, 
ae90_040,D:\HTR\Dataset\IFN-ENIT\Bmp files\ae90_040.bmp,,, 
ae90_041,D:\HTR\Dataset\IFN-ENIT\Bmp files\ae90_041.bmp,,, 
ae90_042,D:\HTR\Dataset\IFN-ENIT\Bmp files\ae90_042.bmp,,, 
ae90_043,D:\HTR\Dataset\IFN-ENIT\Bmp files\ae90_043.bmp,,, 
ae90_044,D:\HTR\Dataset\IFN-ENIT\Bmp files\ae90_044.bmp,,, 
ae90_045,D:\HTR\Dataset\IFN-ENIT\Bmp files\ae90_045.bmp,,, 
ae90_046,D:\HTR\Dataset\IFN-ENIT\Bmp files\ae90_046.bmp,,, 
ae90_047,D:\HTR\Dataset\IFN-ENIT\Bmp files\ae90_047.bmp,,, 
ae90_048,D:\HTR\Dataset\IFN-ENIT\Bmp files\ae90_048.bmp,,, 
ae90_049,D:\HTR\Dataset\IFN-ENIT\Bmp files\ae90_049.bmp,,, 
ae90_050,D:\HTR\Dataset\IFN-ENIT\Bmp files\ae90_050.bmp,,, 
ae90_051,D:\HTR\Dataset\IFN-ENIT\Bmp files\ae90_051.bmp,,, 
ae90_052,D:\HTR\Dataset\IFN-ENIT\Bmp files\ae90_052.bmp,,, 
ae90_053,D:\HTR\Dataset\IFN-ENIT\Bmp files\ae90_053.bmp,,, 
ae90_054,D:\HTR\Dataset\IFN-ENIT\Bmp files\ae90_054.bmp,,, 
ae90_055,D:\HTR\Dataset\IFN-ENIT\Bmp files\ae90_055.bmp,,, 
ae90_056,D:\HTR\Dataset\IFN-ENIT\Bmp files\ae90_056.bmp,,, 
ae90_057,D:\HTR\Dataset\IFN-ENIT\Bmp files\ae90_057.bmp,,, 
ae90_058,D:\HTR\Dataset\IFN-ENIT\Bmp files\ae90_058.bmp,,, 
ae90_059,D:\HTR\Dataset\IFN-ENIT\Bmp files\ae90_059.bmp,,, 
ae97_001,D:\HTR\Dataset\IFN-ENIT\Bmp files\ae97_001.bmp,,, 
ae97_002,D:\HTR\Dataset\IFN-ENIT\Bmp files\ae97_002.bmp,,, 
ae97_003,D:\HTR\Dataset\IFN-ENIT\Bmp files\ae97_003.bmp,,, 
ae97_004,D:\HTR\Dataset\IFN-ENIT\Bmp files\ae97_004.bmp,,, 
ae97_005,D:\HTR\Dataset\IFN-ENIT\Bmp files\ae97_005.bmp,,, 
ae97_006,D:\HTR\Dataset\IFN-ENIT\Bmp files\ae97_006.bmp,,, 
ae97_007,D:\HTR\Dataset\IFN-ENIT\Bmp files\ae97_007.bmp,,, 
ae97_008,D:\HTR\Dataset\IFN-ENIT\Bmp files\ae97_008.bmp,,, 
ae97_009,D:\HTR\Dataset\IFN-ENIT\Bmp files\ae97_009.bmp,,, 
ae97_010,D:\HTR\Dataset\IFN-ENIT\Bmp files\ae97_010.bmp,,, 
ae97_011,D:\HTR\Dataset\IFN-ENIT\Bmp files\ae97_011.bmp,,, 
ae97_012,D:\HTR\Dataset\IFN-ENIT\Bmp files\ae97_012.bmp,,, 
ae97_013,D:\HTR\Dataset\IFN-ENIT\Bmp files\ae97_013.bmp,,, 
ae97_014,D:\HTR\Dataset\IFN-ENIT\Bmp files\ae97_014.bmp,,, 
ae97_015,D:\HTR\Dataset\IFN-ENIT\Bmp files\ae97_015.bmp,,, 
ae97_016,D:\HTR\Dataset\IFN-ENIT\Bmp files\ae97_016.bmp,,, 
ae97_017,D:\HTR\Dataset\IFN-ENIT\Bmp files\ae97_017.bmp,,, 
ae97_018,D:\HTR\Dataset\IFN-ENIT\Bmp files\ae97_018.bmp,,, 
ae97_019,D:\HTR\Dataset\IFN-ENIT\Bmp files\ae97_019.bmp,,, 
ae97_020,D:\HTR\Dataset\IFN-ENIT\Bmp files\ae97_020.bmp,,, 
ae97_021,D:\HTR\Dataset\IFN-ENIT\Bmp files\ae97_021.bmp,,, 
ae97_022,D:\HTR\Dataset\IFN-ENIT\Bmp files\ae97_022.bmp,,, 
ae97_023,D:\HTR\Dataset\IFN-ENIT\Bmp files\ae97_023.bmp,,, 
ae97_024,D:\HTR\Dataset\IFN-ENIT\Bmp files\ae97_024.bmp,,, 
ae97_025,D:\HTR\Dataset\IFN-ENIT\Bmp files\ae97_025.bmp,,, 
ae97_026,D:\HTR\Dataset\IFN-ENIT\Bmp files\ae97_026.bmp,,, 
ae97_027,D:\HTR\Dataset\IFN-ENIT\Bmp files\ae97_027.bmp,,, 
ae97_028,D:\HTR\Dataset\IFN-ENIT\Bmp files\ae97_028.bmp,,, 
ae97_029,D:\HTR\Dataset\IFN-ENIT\Bmp files\ae97_029.bmp,,, 
ae97_030,D:\HTR\Dataset\IFN-ENIT\Bmp files\ae97_030.bmp,,, 
ae97_031,D:\HTR\Dataset\IFN-ENIT\Bmp files\ae97_031.bmp,,, 
ae97_032,D:\HTR\Dataset\IFN-ENIT\Bmp files\ae97_032.bmp,,, 
ae97_033,D:\HTR\Dataset\IFN-ENIT\Bmp files\ae97_033.bmp,,, 
ae97_034,D:\HTR\Dataset\IFN-ENIT\Bmp files\ae97_034.bmp,,, 
ae97_035,D:\HTR\Dataset\IFN-ENIT\Bmp files\ae97_035.bmp,,, 
ae97_036,D:\HTR\Dataset\IFN-ENIT\Bmp files\ae97_036.bmp,,, 
ae97_037,D:\HTR\Dataset\IFN-ENIT\Bmp files\ae97_037.bmp,,, 
ae97_038,D:\HTR\Dataset\IFN-ENIT\Bmp files\ae97_038.bmp,,, 
ae97_039,D:\HTR\Dataset\IFN-ENIT\Bmp files\ae97_039.bmp,,, 
ae97_040,D:\HTR\Dataset\IFN-ENIT\Bmp files\ae97_040.bmp,,, 
ae97_041,D:\HTR\Dataset\IFN-ENIT\Bmp files\ae97_041.bmp,,, 
ae97_042,D:\HTR\Dataset\IFN-ENIT\Bmp files\ae97_042.bmp,,, 
ae97_043,D:\HTR\Dataset\IFN-ENIT\Bmp files\ae97_043.bmp,,, 
ae97_044,D:\HTR\Dataset\IFN-ENIT\Bmp files\ae97_044.bmp,,, 
ae97_045,D:\HTR\Dataset\IFN-ENIT\Bmp files\ae97_045.bmp,,, 
ae97_046,D:\HTR\Dataset\IFN-ENIT\Bmp files\ae97_046.bmp,,, 
ae97_047,D:\HTR\Dataset\IFN-ENIT\Bmp files\ae97_047.bmp,,, 
ae97_048,D:\HTR\Dataset\IFN-ENIT\Bmp files\ae97_048.bmp,,, 
ae97_049,D:\HTR\Dataset\IFN-ENIT\Bmp files\ae97_049.bmp,,, 
ae97_050,D:\HTR\Dataset\IFN-ENIT\Bmp files\ae97_050.bmp,,, 
ae97_051,D:\HTR\Dataset\IFN-ENIT\Bmp files\ae97_051.bmp,,, 
ae97_052,D:\HTR\Dataset\IFN-ENIT\Bmp files\ae97_052.bmp,,, 
ae97_053,D:\HTR\Dataset\IFN-ENIT\Bmp files\ae97_053.bmp,,, 
ae97_054,D:\HTR\Dataset\IFN-ENIT\Bmp files\ae97_054.bmp,,, 
ae97_055,D:\HTR\Dataset\IFN-ENIT\Bmp files\ae97_055.bmp,,, 
ae97_056,D:\HTR\Dataset\IFN-ENIT\Bmp files\ae97_056.bmp,,, 
ae97_057,D:\HTR\Dataset\IFN-ENIT\Bmp files\ae97_057.bmp,,, 
ae97_058,D:\HTR\Dataset\IFN-ENIT\Bmp files\ae97_058.bmp,,, 
af01_001,D:\HTR\Dataset\IFN-ENIT\Bmp files\af01_001.bmp,,, 
af01_002,D:\HTR\Dataset\IFN-ENIT\Bmp files\af01_002.bmp,,, 
af01_003,D:\HTR\Dataset\IFN-ENIT\Bmp files\af01_003.bmp,,, 
af01_004,D:\HTR\Dataset\IFN-ENIT\Bmp files\af01_004.bmp,,, 
af01_005,D:\HTR\Dataset\IFN-ENIT\Bmp files\af01_005.bmp,,, 
af01_006,D:\HTR\Dataset\IFN-ENIT\Bmp files\af01_006.bmp,,, 
af01_007,D:\HTR\Dataset\IFN-ENIT\Bmp files\af01_007.bmp,,, 
af01_008,D:\HTR\Dataset\IFN-ENIT\Bmp files\af01_008.bmp,,, 
af01_009,D:\HTR\Dataset\IFN-ENIT\Bmp files\af01_009.bmp,,, 
af01_010,D:\HTR\Dataset\IFN-ENIT\Bmp files\af01_010.bmp,,, 
af01_011,D:\HTR\Dataset\IFN-ENIT\Bmp files\af01_011.bmp,,, 
af01_012,D:\HTR\Dataset\IFN-ENIT\Bmp files\af01_012.bmp,,, 
af01_013,D:\HTR\Dataset\IFN-ENIT\Bmp files\af01_013.bmp,,, 
af01_014,D:\HTR\Dataset\IFN-ENIT\Bmp files\af01_014.bmp,,, 
af01_015,D:\HTR\Dataset\IFN-ENIT\Bmp files\af01_015.bmp,,, 
af01_016,D:\HTR\Dataset\IFN-ENIT\Bmp files\af01_016.bmp,,, 
af01_017,D:\HTR\Dataset\IFN-ENIT\Bmp files\af01_017.bmp,,, 
af01_018,D:\HTR\Dataset\IFN-ENIT\Bmp files\af01_018.bmp,,, 
af01_019,D:\HTR\Dataset\IFN-ENIT\Bmp files\af01_019.bmp,,, 
af01_020,D:\HTR\Dataset\IFN-ENIT\Bmp files\af01_020.bmp,,, 
af01_021,D:\HTR\Dataset\IFN-ENIT\Bmp files\af01_021.bmp,,, 
af01_022,D:\HTR\Dataset\IFN-ENIT\Bmp files\af01_022.bmp,,, 
af01_023,D:\HTR\Dataset\IFN-ENIT\Bmp files\af01_023.bmp,,, 
af01_024,D:\HTR\Dataset\IFN-ENIT\Bmp files\af01_024.bmp,,, 
af01_025,D:\HTR\Dataset\IFN-ENIT\Bmp files\af01_025.bmp,,, 
af01_026,D:\HTR\Dataset\IFN-ENIT\Bmp files\af01_026.bmp,,, 
af01_027,D:\HTR\Dataset\IFN-ENIT\Bmp files\af01_027.bmp,,, 
af01_028,D:\HTR\Dataset\IFN-ENIT\Bmp files\af01_028.bmp,,, 
af01_029,D:\HTR\Dataset\IFN-ENIT\Bmp files\af01_029.bmp,,, 
af01_030,D:\HTR\Dataset\IFN-ENIT\Bmp files\af01_030.bmp,,, 
af01_031,D:\HTR\Dataset\IFN-ENIT\Bmp files\af01_031.bmp,,, 
af01_032,D:\HTR\Dataset\IFN-ENIT\Bmp files\af01_032.bmp,,, 
af01_033,D:\HTR\Dataset\IFN-ENIT\Bmp files\af01_033.bmp,,, 
af01_034,D:\HTR\Dataset\IFN-ENIT\Bmp files\af01_034.bmp,,, 
af01_035,D:\HTR\Dataset\IFN-ENIT\Bmp files\af01_035.bmp,,, 
af01_036,D:\HTR\Dataset\IFN-ENIT\Bmp files\af01_036.bmp,,, 
af01_037,D:\HTR\Dataset\IFN-ENIT\Bmp files\af01_037.bmp,,, 
af01_038,D:\HTR\Dataset\IFN-ENIT\Bmp files\af01_038.bmp,,, 
af01_039,D:\HTR\Dataset\IFN-ENIT\Bmp files\af01_039.bmp,,, 
af01_040,D:\HTR\Dataset\IFN-ENIT\Bmp files\af01_040.bmp,,, 
af01_041,D:\HTR\Dataset\IFN-ENIT\Bmp files\af01_041.bmp,,, 
af01_042,D:\HTR\Dataset\IFN-ENIT\Bmp files\af01_042.bmp,,, 
af01_043,D:\HTR\Dataset\IFN-ENIT\Bmp files\af01_043.bmp,,, 
af01_044,D:\HTR\Dataset\IFN-ENIT\Bmp files\af01_044.bmp,,, 
af01_045,D:\HTR\Dataset\IFN-ENIT\Bmp files\af01_045.bmp,,, 
af01_046,D:\HTR\Dataset\IFN-ENIT\Bmp files\af01_046.bmp,,, 
af01_047,D:\HTR\Dataset\IFN-ENIT\Bmp files\af01_047.bmp,,, 
af01_048,D:\HTR\Dataset\IFN-ENIT\Bmp files\af01_048.bmp,,, 
af01_049,D:\HTR\Dataset\IFN-ENIT\Bmp files\af01_049.bmp,,, 
af01_050,D:\HTR\Dataset\IFN-ENIT\Bmp files\af01_050.bmp,,, 
af01_051,D:\HTR\Dataset\IFN-ENIT\Bmp files\af01_051.bmp,,, 
af01_052,D:\HTR\Dataset\IFN-ENIT\Bmp files\af01_052.bmp,,, 
af01_053,D:\HTR\Dataset\IFN-ENIT\Bmp files\af01_053.bmp,,, 
af01_054,D:\HTR\Dataset\IFN-ENIT\Bmp files\af01_054.bmp,,, 
af01_055,D:\HTR\Dataset\IFN-ENIT\Bmp files\af01_055.bmp,,, 
af01_056,D:\HTR\Dataset\IFN-ENIT\Bmp files\af01_056.bmp,,, 
af01_057,D:\HTR\Dataset\IFN-ENIT\Bmp files\af01_057.bmp,,, 
af01_058,D:\HTR\Dataset\IFN-ENIT\Bmp files\af01_058.bmp,,, 
af01_059,D:\HTR\Dataset\IFN-ENIT\Bmp files\af01_059.bmp,,, 
af01_060,D:\HTR\Dataset\IFN-ENIT\Bmp files\af01_060.bmp,,, 
af03_001,D:\HTR\Dataset\IFN-ENIT\Bmp files\af03_001.bmp,,, 
af03_002,D:\HTR\Dataset\IFN-ENIT\Bmp files\af03_002.bmp,,, 
af03_003,D:\HTR\Dataset\IFN-ENIT\Bmp files\af03_003.bmp,,, 
af03_004,D:\HTR\Dataset\IFN-ENIT\Bmp files\af03_004.bmp,,, 
af03_005,D:\HTR\Dataset\IFN-ENIT\Bmp files\af03_005.bmp,,, 
af03_006,D:\HTR\Dataset\IFN-ENIT\Bmp files\af03_006.bmp,,, 
af03_007,D:\HTR\Dataset\IFN-ENIT\Bmp files\af03_007.bmp,,, 
af03_008,D:\HTR\Dataset\IFN-ENIT\Bmp files\af03_008.bmp,,, 
af03_009,D:\HTR\Dataset\IFN-ENIT\Bmp files\af03_009.bmp,,, 
af03_010,D:\HTR\Dataset\IFN-ENIT\Bmp files\af03_010.bmp,,, 
af03_011,D:\HTR\Dataset\IFN-ENIT\Bmp files\af03_011.bmp,,, 
af03_012,D:\HTR\Dataset\IFN-ENIT\Bmp files\af03_012.bmp,,, 
af03_013,D:\HTR\Dataset\IFN-ENIT\Bmp files\af03_013.bmp,,, 
af03_014,D:\HTR\Dataset\IFN-ENIT\Bmp files\af03_014.bmp,,, 
af03_015,D:\HTR\Dataset\IFN-ENIT\Bmp files\af03_015.bmp,,, 
af03_016,D:\HTR\Dataset\IFN-ENIT\Bmp files\af03_016.bmp,,, 
af03_017,D:\HTR\Dataset\IFN-ENIT\Bmp files\af03_017.bmp,,, 
af03_018,D:\HTR\Dataset\IFN-ENIT\Bmp files\af03_018.bmp,,, 
af03_019,D:\HTR\Dataset\IFN-ENIT\Bmp files\af03_019.bmp,,, 
af03_020,D:\HTR\Dataset\IFN-ENIT\Bmp files\af03_020.bmp,,, 
af03_021,D:\HTR\Dataset\IFN-ENIT\Bmp files\af03_021.bmp,,, 
af03_022,D:\HTR\Dataset\IFN-ENIT\Bmp files\af03_022.bmp,,, 
af03_023,D:\HTR\Dataset\IFN-ENIT\Bmp files\af03_023.bmp,,, 
af03_024,D:\HTR\Dataset\IFN-ENIT\Bmp files\af03_024.bmp,,, 
af03_025,D:\HTR\Dataset\IFN-ENIT\Bmp files\af03_025.bmp,,, 
af03_026,D:\HTR\Dataset\IFN-ENIT\Bmp files\af03_026.bmp,,, 
af03_027,D:\HTR\Dataset\IFN-ENIT\Bmp files\af03_027.bmp,,, 
af03_028,D:\HTR\Dataset\IFN-ENIT\Bmp files\af03_028.bmp,,, 
af03_029,D:\HTR\Dataset\IFN-ENIT\Bmp files\af03_029.bmp,,, 
af03_030,D:\HTR\Dataset\IFN-ENIT\Bmp files\af03_030.bmp,,, 
af03_031,D:\HTR\Dataset\IFN-ENIT\Bmp files\af03_031.bmp,,, 
af03_032,D:\HTR\Dataset\IFN-ENIT\Bmp files\af03_032.bmp,,, 
af03_033,D:\HTR\Dataset\IFN-ENIT\Bmp files\af03_033.bmp,,, 
af03_034,D:\HTR\Dataset\IFN-ENIT\Bmp files\af03_034.bmp,,, 
af03_035,D:\HTR\Dataset\IFN-ENIT\Bmp files\af03_035.bmp,,, 
af03_036,D:\HTR\Dataset\IFN-ENIT\Bmp files\af03_036.bmp,,, 
af03_037,D:\HTR\Dataset\IFN-ENIT\Bmp files\af03_037.bmp,,, 
af03_038,D:\HTR\Dataset\IFN-ENIT\Bmp files\af03_038.bmp,,, 
af03_039,D:\HTR\Dataset\IFN-ENIT\Bmp files\af03_039.bmp,,, 
af03_040,D:\HTR\Dataset\IFN-ENIT\Bmp files\af03_040.bmp,,, 
af03_041,D:\HTR\Dataset\IFN-ENIT\Bmp files\af03_041.bmp,,, 
af03_042,D:\HTR\Dataset\IFN-ENIT\Bmp files\af03_042.bmp,,, 
af03_043,D:\HTR\Dataset\IFN-ENIT\Bmp files\af03_043.bmp,,, 
af03_044,D:\HTR\Dataset\IFN-ENIT\Bmp files\af03_044.bmp,,, 
af03_045,D:\HTR\Dataset\IFN-ENIT\Bmp files\af03_045.bmp,,, 
af03_046,D:\HTR\Dataset\IFN-ENIT\Bmp files\af03_046.bmp,,, 
af03_047,D:\HTR\Dataset\IFN-ENIT\Bmp files\af03_047.bmp,,, 
af03_048,D:\HTR\Dataset\IFN-ENIT\Bmp files\af03_048.bmp,,, 
af03_049,D:\HTR\Dataset\IFN-ENIT\Bmp files\af03_049.bmp,,, 
af03_050,D:\HTR\Dataset\IFN-ENIT\Bmp files\af03_050.bmp,,, 
af10_001,D:\HTR\Dataset\IFN-ENIT\Bmp files\af10_001.bmp,,, 
af10_002,D:\HTR\Dataset\IFN-ENIT\Bmp files\af10_002.bmp,,, 
af10_003,D:\HTR\Dataset\IFN-ENIT\Bmp files\af10_003.bmp,,, 
af10_004,D:\HTR\Dataset\IFN-ENIT\Bmp files\af10_004.bmp,,, 
af10_005,D:\HTR\Dataset\IFN-ENIT\Bmp files\af10_005.bmp,,, 
af10_006,D:\HTR\Dataset\IFN-ENIT\Bmp files\af10_006.bmp,,, 
af10_007,D:\HTR\Dataset\IFN-ENIT\Bmp files\af10_007.bmp,,, 
af10_008,D:\HTR\Dataset\IFN-ENIT\Bmp files\af10_008.bmp,,, 
af10_009,D:\HTR\Dataset\IFN-ENIT\Bmp files\af10_009.bmp,,, 
af10_010,D:\HTR\Dataset\IFN-ENIT\Bmp files\af10_010.bmp,,, 
af10_011,D:\HTR\Dataset\IFN-ENIT\Bmp files\af10_011.bmp,,, 
af10_012,D:\HTR\Dataset\IFN-ENIT\Bmp files\af10_012.bmp,,, 
af10_013,D:\HTR\Dataset\IFN-ENIT\Bmp files\af10_013.bmp,,, 
af10_014,D:\HTR\Dataset\IFN-ENIT\Bmp files\af10_014.bmp,,, 
af10_015,D:\HTR\Dataset\IFN-ENIT\Bmp files\af10_015.bmp,,, 
af10_016,D:\HTR\Dataset\IFN-ENIT\Bmp files\af10_016.bmp,,, 
af10_017,D:\HTR\Dataset\IFN-ENIT\Bmp files\af10_017.bmp,,, 
af10_018,D:\HTR\Dataset\IFN-ENIT\Bmp files\af10_018.bmp,,, 
af10_019,D:\HTR\Dataset\IFN-ENIT\Bmp files\af10_019.bmp,,, 
af10_020,D:\HTR\Dataset\IFN-ENIT\Bmp files\af10_020.bmp,,, 
af10_021,D:\HTR\Dataset\IFN-ENIT\Bmp files\af10_021.bmp,,, 
af10_022,D:\HTR\Dataset\IFN-ENIT\Bmp files\af10_022.bmp,,, 
af10_023,D:\HTR\Dataset\IFN-ENIT\Bmp files\af10_023.bmp,,, 
af10_024,D:\HTR\Dataset\IFN-ENIT\Bmp files\af10_024.bmp,,, 
af10_025,D:\HTR\Dataset\IFN-ENIT\Bmp files\af10_025.bmp,,, 
af10_026,D:\HTR\Dataset\IFN-ENIT\Bmp files\af10_026.bmp,,, 
af10_027,D:\HTR\Dataset\IFN-ENIT\Bmp files\af10_027.bmp,,, 
af10_028,D:\HTR\Dataset\IFN-ENIT\Bmp files\af10_028.bmp,,, 
af10_029,D:\HTR\Dataset\IFN-ENIT\Bmp files\af10_029.bmp,,, 
af10_030,D:\HTR\Dataset\IFN-ENIT\Bmp files\af10_030.bmp,,, 
af10_031,D:\HTR\Dataset\IFN-ENIT\Bmp files\af10_031.bmp,,, 
af10_032,D:\HTR\Dataset\IFN-ENIT\Bmp files\af10_032.bmp,,, 
af10_033,D:\HTR\Dataset\IFN-ENIT\Bmp files\af10_033.bmp,,, 
af10_034,D:\HTR\Dataset\IFN-ENIT\Bmp files\af10_034.bmp,,, 
af10_035,D:\HTR\Dataset\IFN-ENIT\Bmp files\af10_035.bmp,,, 
af10_036,D:\HTR\Dataset\IFN-ENIT\Bmp files\af10_036.bmp,,, 
af10_037,D:\HTR\Dataset\IFN-ENIT\Bmp files\af10_037.bmp,,, 
af10_038,D:\HTR\Dataset\IFN-ENIT\Bmp files\af10_038.bmp,,, 
af10_039,D:\HTR\Dataset\IFN-ENIT\Bmp files\af10_039.bmp,,, 
af10_040,D:\HTR\Dataset\IFN-ENIT\Bmp files\af10_040.bmp,,, 
af10_041,D:\HTR\Dataset\IFN-ENIT\Bmp files\af10_041.bmp,,, 
af10_042,D:\HTR\Dataset\IFN-ENIT\Bmp files\af10_042.bmp,,, 
af10_043,D:\HTR\Dataset\IFN-ENIT\Bmp files\af10_043.bmp,,, 
af10_044,D:\HTR\Dataset\IFN-ENIT\Bmp files\af10_044.bmp,,, 
af10_045,D:\HTR\Dataset\IFN-ENIT\Bmp files\af10_045.bmp,,, 
af10_046,D:\HTR\Dataset\IFN-ENIT\Bmp files\af10_046.bmp,,, 
af10_047,D:\HTR\Dataset\IFN-ENIT\Bmp files\af10_047.bmp,,, 
af10_048,D:\HTR\Dataset\IFN-ENIT\Bmp files\af10_048.bmp,,, 
af10_049,D:\HTR\Dataset\IFN-ENIT\Bmp files\af10_049.bmp,,, 
af10_050,D:\HTR\Dataset\IFN-ENIT\Bmp files\af10_050.bmp,,, 
af10_051,D:\HTR\Dataset\IFN-ENIT\Bmp files\af10_051.bmp,,, 
af10_052,D:\HTR\Dataset\IFN-ENIT\Bmp files\af10_052.bmp,,, 
af10_053,D:\HTR\Dataset\IFN-ENIT\Bmp files\af10_053.bmp,,, 
af10_054,D:\HTR\Dataset\IFN-ENIT\Bmp files\af10_054.bmp,,, 
af10_055,D:\HTR\Dataset\IFN-ENIT\Bmp files\af10_055.bmp,,, 
af10_056,D:\HTR\Dataset\IFN-ENIT\Bmp files\af10_056.bmp,,, 
af10_057,D:\HTR\Dataset\IFN-ENIT\Bmp files\af10_057.bmp,,, 
af10_058,D:\HTR\Dataset\IFN-ENIT\Bmp files\af10_058.bmp,,, 
af10_059,D:\HTR\Dataset\IFN-ENIT\Bmp files\af10_059.bmp,,, 
af11_001,D:\HTR\Dataset\IFN-ENIT\Bmp files\af11_001.bmp,,, 
af11_002,D:\HTR\Dataset\IFN-ENIT\Bmp files\af11_002.bmp,,, 
af11_003,D:\HTR\Dataset\IFN-ENIT\Bmp files\af11_003.bmp,,, 
af11_004,D:\HTR\Dataset\IFN-ENIT\Bmp files\af11_004.bmp,,, 
af11_005,D:\HTR\Dataset\IFN-ENIT\Bmp files\af11_005.bmp,,, 
af11_006,D:\HTR\Dataset\IFN-ENIT\Bmp files\af11_006.bmp,,, 
af11_007,D:\HTR\Dataset\IFN-ENIT\Bmp files\af11_007.bmp,,, 
af11_008,D:\HTR\Dataset\IFN-ENIT\Bmp files\af11_008.bmp,,, 
af11_009,D:\HTR\Dataset\IFN-ENIT\Bmp files\af11_009.bmp,,, 
af11_010,D:\HTR\Dataset\IFN-ENIT\Bmp files\af11_010.bmp,,, 
af11_011,D:\HTR\Dataset\IFN-ENIT\Bmp files\af11_011.bmp,,, 
af11_012,D:\HTR\Dataset\IFN-ENIT\Bmp files\af11_012.bmp,,, 
af11_013,D:\HTR\Dataset\IFN-ENIT\Bmp files\af11_013.bmp,,, 
af11_014,D:\HTR\Dataset\IFN-ENIT\Bmp files\af11_014.bmp,,, 
af11_015,D:\HTR\Dataset\IFN-ENIT\Bmp files\af11_015.bmp,,, 
af11_016,D:\HTR\Dataset\IFN-ENIT\Bmp files\af11_016.bmp,,, 
af11_017,D:\HTR\Dataset\IFN-ENIT\Bmp files\af11_017.bmp,,, 
af11_018,D:\HTR\Dataset\IFN-ENIT\Bmp files\af11_018.bmp,,, 
af11_019,D:\HTR\Dataset\IFN-ENIT\Bmp files\af11_019.bmp,,, 
af11_020,D:\HTR\Dataset\IFN-ENIT\Bmp files\af11_020.bmp,,, 
af11_021,D:\HTR\Dataset\IFN-ENIT\Bmp files\af11_021.bmp,,, 
af11_022,D:\HTR\Dataset\IFN-ENIT\Bmp files\af11_022.bmp,,, 
af11_023,D:\HTR\Dataset\IFN-ENIT\Bmp files\af11_023.bmp,,, 
af11_024,D:\HTR\Dataset\IFN-ENIT\Bmp files\af11_024.bmp,,, 
af11_025,D:\HTR\Dataset\IFN-ENIT\Bmp files\af11_025.bmp,,, 
af11_026,D:\HTR\Dataset\IFN-ENIT\Bmp files\af11_026.bmp,,, 
af11_027,D:\HTR\Dataset\IFN-ENIT\Bmp files\af11_027.bmp,,, 
af11_028,D:\HTR\Dataset\IFN-ENIT\Bmp files\af11_028.bmp,,, 
af11_029,D:\HTR\Dataset\IFN-ENIT\Bmp files\af11_029.bmp,,, 
af11_030,D:\HTR\Dataset\IFN-ENIT\Bmp files\af11_030.bmp,,, 
af11_031,D:\HTR\Dataset\IFN-ENIT\Bmp files\af11_031.bmp,,, 
af11_032,D:\HTR\Dataset\IFN-ENIT\Bmp files\af11_032.bmp,,, 
af11_033,D:\HTR\Dataset\IFN-ENIT\Bmp files\af11_033.bmp,,, 
af11_034,D:\HTR\Dataset\IFN-ENIT\Bmp files\af11_034.bmp,,, 
af11_035,D:\HTR\Dataset\IFN-ENIT\Bmp files\af11_035.bmp,,, 
af11_036,D:\HTR\Dataset\IFN-ENIT\Bmp files\af11_036.bmp,,, 
af11_037,D:\HTR\Dataset\IFN-ENIT\Bmp files\af11_037.bmp,,, 
af11_038,D:\HTR\Dataset\IFN-ENIT\Bmp files\af11_038.bmp,,, 
af11_039,D:\HTR\Dataset\IFN-ENIT\Bmp files\af11_039.bmp,,, 
af11_040,D:\HTR\Dataset\IFN-ENIT\Bmp files\af11_040.bmp,,, 
af11_041,D:\HTR\Dataset\IFN-ENIT\Bmp files\af11_041.bmp,,, 
af11_042,D:\HTR\Dataset\IFN-ENIT\Bmp files\af11_042.bmp,,, 
af11_043,D:\HTR\Dataset\IFN-ENIT\Bmp files\af11_043.bmp,,, 
af11_044,D:\HTR\Dataset\IFN-ENIT\Bmp files\af11_044.bmp,,, 
af11_045,D:\HTR\Dataset\IFN-ENIT\Bmp files\af11_045.bmp,,, 
af11_046,D:\HTR\Dataset\IFN-ENIT\Bmp files\af11_046.bmp,,, 
af11_047,D:\HTR\Dataset\IFN-ENIT\Bmp files\af11_047.bmp,,, 
af11_048,D:\HTR\Dataset\IFN-ENIT\Bmp files\af11_048.bmp,,, 
af11_049,D:\HTR\Dataset\IFN-ENIT\Bmp files\af11_049.bmp,,, 
af11_050,D:\HTR\Dataset\IFN-ENIT\Bmp files\af11_050.bmp,,, 
af11_051,D:\HTR\Dataset\IFN-ENIT\Bmp files\af11_051.bmp,,, 
af11_052,D:\HTR\Dataset\IFN-ENIT\Bmp files\af11_052.bmp,,, 
af11_053,D:\HTR\Dataset\IFN-ENIT\Bmp files\af11_053.bmp,,, 
af11_054,D:\HTR\Dataset\IFN-ENIT\Bmp files\af11_054.bmp,,, 
af11_055,D:\HTR\Dataset\IFN-ENIT\Bmp files\af11_055.bmp,,, 
af11_056,D:\HTR\Dataset\IFN-ENIT\Bmp files\af11_056.bmp,,, 
af11_057,D:\HTR\Dataset\IFN-ENIT\Bmp files\af11_057.bmp,,, 
af11_058,D:\HTR\Dataset\IFN-ENIT\Bmp files\af11_058.bmp,,, 
af11_059,D:\HTR\Dataset\IFN-ENIT\Bmp files\af11_059.bmp,,, 
af11_060,D:\HTR\Dataset\IFN-ENIT\Bmp files\af11_060.bmp,,, 
af12_001,D:\HTR\Dataset\IFN-ENIT\Bmp files\af12_001.bmp,,, 
af12_002,D:\HTR\Dataset\IFN-ENIT\Bmp files\af12_002.bmp,,, 
af12_003,D:\HTR\Dataset\IFN-ENIT\Bmp files\af12_003.bmp,,, 
af12_004,D:\HTR\Dataset\IFN-ENIT\Bmp files\af12_004.bmp,,, 
af12_005,D:\HTR\Dataset\IFN-ENIT\Bmp files\af12_005.bmp,,, 
af12_006,D:\HTR\Dataset\IFN-ENIT\Bmp files\af12_006.bmp,,, 
af12_007,D:\HTR\Dataset\IFN-ENIT\Bmp files\af12_007.bmp,,, 
af12_008,D:\HTR\Dataset\IFN-ENIT\Bmp files\af12_008.bmp,,, 
af12_009,D:\HTR\Dataset\IFN-ENIT\Bmp files\af12_009.bmp,,, 
af12_010,D:\HTR\Dataset\IFN-ENIT\Bmp files\af12_010.bmp,,, 
af12_011,D:\HTR\Dataset\IFN-ENIT\Bmp files\af12_011.bmp,,, 
af12_012,D:\HTR\Dataset\IFN-ENIT\Bmp files\af12_012.bmp,,, 
af12_013,D:\HTR\Dataset\IFN-ENIT\Bmp files\af12_013.bmp,,, 
